Timestamp (Unix),ax,ay,az
2023-12-23 21:13:50.688,0.22, -0.03, -1.01
2023-12-23 21:13:50.689,0.21, -0.03, -1.01
2023-12-23 21:13:50.690,0.22, -0.03, -1.02
2023-12-23 21:13:50.690,0.21, -0.03, -1.01
2023-12-23 21:13:50.691,0.22, -0.03, -1.02
2023-12-23 21:13:50.692,0.22, -0.03, -1.01
2023-12-23 21:13:50.692,0.21, -0.03, -1.01
2023-12-23 21:13:50.693,0.22, -0.03, -1.02
2023-12-23 21:13:50.694,0.22, -0.03, -1.01
2023-12-23 21:13:50.694,0.22, -0.03, -1.01
2023-12-23 21:13:50.695,0.22, -0.03, -1.01
2023-12-23 21:13:50.695,0.22, -0.03, -1.02
2023-12-23 21:13:50.696,0.22, -0.03, -1.01
2023-12-23 21:13:50.697,0.22, -0.03, -1.02
2023-12-23 21:13:50.697,0.22, -0.03, -1.01
2023-12-23 21:13:50.698,0.22, -0.03, -1.01
2023-12-23 21:13:50.699,0.21, -0.03, -1.01
2023-12-23 21:13:50.700,0.22, -0.03, -1.02
2023-12-23 21:13:50.700,0.22, -0.03, -1.02
2023-12-23 21:13:50.701,0.21, -0.03, -1.01
2023-12-23 21:13:50.702,0.22, -0.03, -1.01
2023-12-23 21:13:50.703,0.22, -0.03, -1.01
2023-12-23 21:13:50.704,0.22, -0.03, -1.01
2023-12-23 21:13:50.704,0.22, -0.03, -1.01
2023-12-23 21:13:50.704,0.22, -0.03, -1.01
2023-12-23 21:13:50.705,0.22, -0.03, -1.02
2023-12-23 21:13:50.705,0.22, -0.03, -1.01
2023-12-23 21:13:50.706,0.21, -0.03, -1.01
2023-12-23 21:13:50.706,0.22, -0.03, -1.01
2023-12-23 21:13:50.707,0.22, -0.03, -1.02
2023-12-23 21:13:50.708,0.22, -0.03, -1.01
2023-12-23 21:13:50.708,0.21, -0.03, -1.02
2023-12-23 21:13:50.710,0.22, -0.03, -1.01
2023-12-23 21:13:50.710,0.21, -0.03, -1.02
2023-12-23 21:13:50.711,0.22, -0.03, -1.01
2023-12-23 21:13:50.712,0.22, -0.03, -1.02
2023-12-23 21:13:50.714,0.22, -0.03, -1.01
2023-12-23 21:13:50.715,0.22, -0.03, -1.02
2023-12-23 21:13:50.715,0.22, -0.03, -1.02
2023-12-23 21:13:50.716,0.22, -0.03, -1.01
2023-12-23 21:13:50.718,0.22, -0.03, -1.01
2023-12-23 21:13:50.719,0.22, -0.03, -1.02
2023-12-23 21:13:50.720,0.22, -0.03, -1.02
2023-12-23 21:13:50.721,0.22, -0.03, -1.02
2023-12-23 21:13:50.722,0.22, -0.03, -1.02
2023-12-23 21:13:50.724,0.22, -0.03, -1.01
2023-12-23 21:13:50.725,0.22, -0.03, -1.01
2023-12-23 21:13:50.725,0.22, -0.03, -1.01
2023-12-23 21:13:50.725,0.21, -0.03, -1.01
2023-12-23 21:13:50.726,0.22, -0.03, -1.02
2023-12-23 21:13:50.726,0.22, -0.03, -1.01
2023-12-23 21:13:50.727,0.22, -0.03, -1.01
2023-12-23 21:13:50.728,0.22, -0.03, -1.02
2023-12-23 21:13:50.728,0.22, -0.03, -1.01
2023-12-23 21:13:50.729,0.21, -0.03, -1.02
2023-12-23 21:13:50.733,0.22, -0.03, -1.01
2023-12-23 21:13:50.734,0.22, -0.03, -1.01
2023-12-23 21:13:50.734,0.22, -0.03, -1.01
2023-12-23 21:13:50.735,0.21, -0.03, -1.01
2023-12-23 21:13:50.736,0.21, -0.03, -1.02
2023-12-23 21:13:50.737,0.21, -0.03, -1.01
2023-12-23 21:13:50.737,0.22, -0.03, -1.01
2023-12-23 21:13:50.738,0.21, -0.03, -1.02
2023-12-23 21:13:50.739,0.22, -0.03, -1.01
2023-12-23 21:13:50.739,0.21, -0.03, -1.02
2023-12-23 21:13:50.740,0.22, -0.03, -1.02
2023-12-23 21:13:50.741,0.22, -0.03, -1.02
2023-12-23 21:13:50.741,0.22, -0.03, -1.02
2023-12-23 21:13:50.742,0.22, -0.03, -1.02
2023-12-23 21:13:50.743,0.22, -0.03, -1.02
2023-12-23 21:13:50.744,0.22, -0.03, -1.02
2023-12-23 21:13:50.744,0.22, -0.03, -1.02
2023-12-23 21:13:50.745,0.22, -0.03, -1.02
2023-12-23 21:13:50.748,0.21, -0.03, -1.01
2023-12-23 21:13:50.749,0.21, -0.04, -1.01
2023-12-23 21:13:50.749,0.21, -0.03, -1.02
2023-12-23 21:13:50.750,0.22, -0.03, -1.02
2023-12-23 21:13:50.750,0.21, -0.03, -1.02
2023-12-23 21:13:50.751,0.21, -0.03, -1.01
2023-12-23 21:13:50.752,0.21, -0.03, -1.01
2023-12-23 21:13:50.753,0.22, -0.03, -1.02
2023-12-23 21:13:50.753,0.22, -0.03, -1.02
2023-12-23 21:13:50.754,0.22, -0.03, -1.01
2023-12-23 21:13:50.754,0.22, -0.03, -1.02
2023-12-23 21:13:50.755,0.22, -0.03, -1.02
2023-12-23 21:13:50.756,0.22, -0.03, -1.01
2023-12-23 21:13:50.756,0.22, -0.03, -1.01
2023-12-23 21:13:50.757,0.22, -0.03, -1.01
2023-12-23 21:13:50.757,0.22, -0.03, -1.01
2023-12-23 21:13:50.759,0.22, -0.03, -1.01
2023-12-23 21:13:50.759,0.21, -0.03, -1.02
2023-12-23 21:13:50.760,0.21, -0.03, -1.02
2023-12-23 21:13:50.760,0.21, -0.03, -1.01
2023-12-23 21:13:50.760,0.21, -0.04, -1.02
2023-12-23 21:13:50.761,0.21, -0.04, -1.02
2023-12-23 21:13:50.761,0.21, -0.03, -1.01
2023-12-23 21:13:50.762,0.21, -0.03, -1.02
2023-12-23 21:13:50.762,0.21, -0.03, -1.02
2023-12-23 21:13:50.765,0.22, -0.03, -1.01
2023-12-23 21:13:50.765,0.22, -0.03, -1.02
2023-12-23 21:13:50.766,0.22, -0.03, -1.01
2023-12-23 21:13:50.766,0.22, -0.03, -1.02
2023-12-23 21:13:50.767,0.22, -0.03, -1.01
2023-12-23 21:13:50.767,0.22, -0.03, -1.02
2023-12-23 21:13:50.768,0.22, -0.03, -1.02
2023-12-23 21:13:50.768,0.22, -0.03, -1.01
2023-12-23 21:13:50.770,0.22, -0.03, -1.02
2023-12-23 21:13:50.770,0.22, -0.03, -1.01
2023-12-23 21:13:50.771,0.21, -0.03, -1.02
2023-12-23 21:13:50.772,0.22, -0.03, -1.02
2023-12-23 21:13:50.773,0.21, -0.03, -1.01
2023-12-23 21:13:50.774,0.21, -0.03, -1.02
2023-12-23 21:13:50.775,0.22, -0.03, -1.02
2023-12-23 21:13:50.775,0.21, -0.03, -1.02
2023-12-23 21:13:50.775,0.21, -0.03, -1.01
2023-12-23 21:13:50.776,0.22, -0.03, -1.02
2023-12-23 21:13:50.776,0.22, -0.03, -1.02
2023-12-23 21:13:50.776,0.22, -0.03, -1.02
2023-12-23 21:13:50.777,0.22, -0.03, -1.01
2023-12-23 21:13:50.778,0.22, -0.03, -1.02
2023-12-23 21:13:50.778,0.22, -0.03, -1.02
2023-12-23 21:13:50.780,0.22, -0.03, -1.02
2023-12-23 21:13:50.781,0.22, -0.03, -1.02
2023-12-23 21:13:50.782,0.22, -0.03, -1.02
2023-12-23 21:13:50.782,0.21, -0.03, -1.02
2023-12-23 21:13:50.782,0.21, -0.03, -1.02
2023-12-23 21:13:50.783,0.21, -0.03, -1.02
2023-12-23 21:13:50.784,0.21, -0.03, -1.02
2023-12-23 21:13:50.786,0.21, -0.03, -1.02
2023-12-23 21:13:50.786,0.21, -0.03, -1.02
2023-12-23 21:13:50.786,0.21, -0.03, -1.02
2023-12-23 21:13:50.787,0.21, -0.03, -1.02
2023-12-23 21:13:50.787,0.22, -0.03, -1.02
2023-12-23 21:13:50.787,0.22, -0.03, -1.01
2023-12-23 21:13:50.788,0.22, -0.03, -1.02
2023-12-23 21:13:50.788,0.22, -0.03, -1.01
2023-12-23 21:13:50.789,0.22, -0.03, -1.01
2023-12-23 21:13:50.789,0.22, -0.03, -1.01
2023-12-23 21:13:50.790,0.22, -0.03, -1.02
2023-12-23 21:13:50.790,0.22, -0.03, -1.01
2023-12-23 21:13:50.791,0.22, -0.03, -1.02
2023-12-23 21:13:50.792,0.21, -0.03, -1.02
2023-12-23 21:13:50.792,0.21, -0.03, -1.02
2023-12-23 21:13:50.792,0.21, -0.03, -1.02
2023-12-23 21:13:50.793,0.21, -0.03, -1.02
2023-12-23 21:13:50.793,0.21, -0.03, -1.02
2023-12-23 21:13:50.794,0.21, -0.03, -1.01
2023-12-23 21:13:50.794,0.22, -0.03, -1.02
2023-12-23 21:13:50.794,0.22, -0.03, -1.01
2023-12-23 21:13:50.794,0.22, -0.03, -1.02
2023-12-23 21:13:50.795,0.22, -0.03, -1.01
2023-12-23 21:13:50.795,0.22, -0.03, -1.02
2023-12-23 21:13:50.797,0.22, -0.03, -1.02
2023-12-23 21:13:50.798,0.22, -0.03, -1.01
2023-12-23 21:13:50.799,0.22, -0.03, -1.01
2023-12-23 21:13:50.800,0.22, -0.03, -1.01
2023-12-23 21:13:50.801,0.21, -0.03, -1.02
2023-12-23 21:13:50.801,0.21, -0.03, -1.01
2023-12-23 21:13:50.801,0.21, -0.03, -1.02
2023-12-23 21:13:50.802,0.22, -0.03, -1.02
2023-12-23 21:13:50.802,0.22, -0.03, -1.02
2023-12-23 21:13:50.802,0.21, -0.03, -1.01
2023-12-23 21:13:50.803,0.13, -0.07, -0.77
2023-12-23 21:13:50.803,0.26, -0.04, -1.15
2023-12-23 21:13:50.803,0.29, -0.01, -1.24
2023-12-23 21:13:50.804,0.20, -0.02, -0.96
2023-12-23 21:13:50.804,0.15, -0.08, -0.97
2023-12-23 21:13:50.804,0.15, -0.08, -1.06
2023-12-23 21:13:50.805,0.19, -0.05, -1.02
2023-12-23 21:13:50.805,0.23, -0.02, -0.99
2023-12-23 21:13:50.805,0.16, -0.03, -0.93
2023-12-23 21:13:50.806,0.11, -0.09, -0.94
2023-12-23 21:13:50.806,0.13, -0.08, -1.05
2023-12-23 21:13:50.806,0.07, -0.10, -1.03
2023-12-23 21:13:50.807,0.06, -0.10, -1.10
2023-12-23 21:13:50.807,0.09, -0.08, -1.04
2023-12-23 21:13:50.807,0.06, -0.09, -1.07
2023-12-23 21:13:50.808,0.06, -0.08, -1.07
2023-12-23 21:13:50.808,0.06, -0.08, -1.02
2023-12-23 21:13:50.809,0.04, -0.10, -1.04
2023-12-23 21:13:50.809,0.04, -0.09, -1.04
2023-12-23 21:13:50.810,0.03, -0.10, -1.03
2023-12-23 21:13:50.810,0.03, -0.10, -1.00
2023-12-23 21:13:50.810,0.01, -0.10, -1.01
2023-12-23 21:13:50.811,0.01, -0.10, -1.01
2023-12-23 21:13:50.811,0.01, -0.10, -1.02
2023-12-23 21:13:50.811,0.01, -0.09, -1.04
2023-12-23 21:13:50.812,-0.03, -0.09, -0.99
2023-12-23 21:13:50.812,-0.04, -0.10, -1.10
2023-12-23 21:13:50.814,-0.03, -0.07, -1.08
2023-12-23 21:13:50.815,-0.01, -0.08, -1.09
2023-12-23 21:13:50.815,-0.02, -0.08, -1.08
2023-12-23 21:13:50.816,-0.01, -0.08, -1.07
2023-12-23 21:13:50.816,0.04, -0.14, -1.14
2023-12-23 21:13:50.817,-0.07, -0.19, -1.03
2023-12-23 21:13:50.817,0.03, -0.44, -1.08
2023-12-23 21:13:50.817,0.07, -0.67, -1.27
2023-12-23 21:13:50.818,-0.00, -0.62, -1.25
2023-12-23 21:13:50.818,-0.24, -0.33, -1.20
2023-12-23 21:13:50.818,-0.54, -0.06, -0.95
2023-12-23 21:13:50.819,-0.58, 0.09, -1.17
2023-12-23 21:13:50.819,-0.58, 0.23, -0.96
2023-12-23 21:13:50.820,-0.52, 0.27, -1.07
2023-12-23 21:13:50.820,-0.30, 0.10, -1.24
2023-12-23 21:13:50.821,-0.19, -0.23, -1.29
2023-12-23 21:13:50.821,-0.13, -0.40, -1.27
2023-12-23 21:13:50.821,0.54, -0.02, -1.12
2023-12-23 21:13:50.822,0.47, 0.65, -0.96
2023-12-23 21:13:50.822,0.24, 0.53, -0.93
2023-12-23 21:13:50.822,-0.05, -0.04, -1.02
2023-12-23 21:13:50.823,-0.15, -0.24, -1.06
2023-12-23 21:13:50.823,-0.34, -0.33, -1.07
2023-12-23 21:13:50.823,-0.38, -0.16, -1.00
2023-12-23 21:13:50.824,-0.38, -0.12, -1.03
2023-12-23 21:13:50.824,-0.41, -0.04, -1.03
2023-12-23 21:13:50.824,-0.41, 0.01, -1.09
2023-12-23 21:13:50.825,-0.31, 0.06, -1.10
2023-12-23 21:13:50.825,-0.13, 0.19, -1.11
2023-12-23 21:13:50.825,-0.23, 0.24, -1.06
2023-12-23 21:13:50.826,-0.37, 0.19, -1.04
2023-12-23 21:13:50.826,-0.46, 0.09, -1.11
2023-12-23 21:13:50.826,-0.36, 0.05, -1.14
2023-12-23 21:13:50.827,-0.24, 0.04, -1.10
2023-12-23 21:13:50.827,-0.14, 0.10, -1.16
2023-12-23 21:13:50.827,-0.27, 0.09, -1.11
2023-12-23 21:13:50.828,-0.29, 0.16, -1.05
2023-12-23 21:13:50.828,-0.24, 0.22, -1.04
2023-12-23 21:13:50.828,-0.33, 0.22, -1.04
2023-12-23 21:13:50.831,-0.51, 0.29, -0.99
2023-12-23 21:13:50.832,-0.52, 0.27, -1.00
2023-12-23 21:13:50.833,-0.48, 0.26, -1.02
2023-12-23 21:13:50.833,-0.51, 0.35, -0.96
2023-12-23 21:13:50.834,-0.50, 0.38, -0.96
2023-12-23 21:13:50.834,-0.26, 0.37, -1.02
2023-12-23 21:13:50.835,-0.15, 0.45, -0.98
2023-12-23 21:13:50.835,-0.32, -0.15, -1.06
2023-12-23 21:13:50.836,-0.51, 0.46, -0.83
2023-12-23 21:13:50.836,-0.39, 0.33, -0.87
2023-12-23 21:13:50.837,-0.20, 0.28, -0.90
2023-12-23 21:13:50.838,-0.20, 0.41, -0.86
2023-12-23 21:13:50.838,-0.16, 0.41, -0.87
2023-12-23 21:13:50.839,-0.17, 0.47, -0.83
2023-12-23 21:13:50.839,-0.23, 0.47, -0.81
2023-12-23 21:13:50.840,-0.28, 0.60, -0.78
2023-12-23 21:13:50.840,-0.28, 0.67, -0.76
2023-12-23 21:13:50.840,-0.25, 0.75, -0.77
2023-12-23 21:13:50.841,-0.24, 0.84, -0.75
2023-12-23 21:13:50.841,-0.16, 0.95, -0.74
2023-12-23 21:13:50.841,-0.10, 0.94, -0.75
2023-12-23 21:13:50.842,0.07, 0.71, -0.81
2023-12-23 21:13:50.842,0.23, 0.41, -0.81
2023-12-23 21:13:50.842,0.24, 0.39, -0.74
2023-12-23 21:13:50.843,0.22, 0.35, -0.66
2023-12-23 21:13:50.843,0.00, 0.56, -0.55
2023-12-23 21:13:50.843,-0.06, 0.54, -0.60
2023-12-23 21:13:50.843,0.21, 0.72, -0.66
2023-12-23 21:13:50.844,0.15, 0.75, -0.67
2023-12-23 21:13:50.844,0.12, 0.86, -0.68
2023-12-23 21:13:50.844,0.03, 1.17, -0.60
2023-12-23 21:13:50.845,0.10, 0.96, -0.66
2023-12-23 21:13:50.845,-0.04, 1.12, -0.56
2023-12-23 21:13:50.847,-0.15, 0.68, -0.57
2023-12-23 21:13:50.848,-0.19, 0.60, -0.53
2023-12-23 21:13:50.849,-0.08, 0.43, -0.49
2023-12-23 21:13:50.849,-0.07, 0.44, -0.45
2023-12-23 21:13:50.850,-0.00, 0.49, -0.48
2023-12-23 21:13:50.850,0.05, 0.78, -0.43
2023-12-23 21:13:50.850,0.11, 0.88, -0.46
2023-12-23 21:13:50.851,0.18, 1.03, -0.55
2023-12-23 21:13:50.851,0.02, 1.30, -0.47
2023-12-23 21:13:50.851,0.09, 1.25, -0.48
2023-12-23 21:13:50.852,0.04, 1.15, -0.44
2023-12-23 21:13:50.852,0.01, 1.04, -0.43
2023-12-23 21:13:50.852,-0.00, 0.73, -0.47
2023-12-23 21:13:50.853,0.01, 0.59, -0.38
2023-12-23 21:13:50.853,0.06, 0.58, -0.36
2023-12-23 21:13:50.853,0.03, 0.57, -0.31
2023-12-23 21:13:50.854,0.07, 0.62, -0.30
2023-12-23 21:13:50.854,0.06, 0.82, -0.33
2023-12-23 21:13:50.854,0.09, 1.14, -0.34
2023-12-23 21:13:50.854,0.08, 1.27, -0.35
2023-12-23 21:13:50.855,0.07, 1.26, -0.34
2023-12-23 21:13:50.855,0.06, 1.12, -0.33
2023-12-23 21:13:50.856,0.07, 1.05, -0.31
2023-12-23 21:13:50.856,0.08, 0.93, -0.30
2023-12-23 21:13:50.856,0.03, 0.78, -0.26
2023-12-23 21:13:50.856,0.03, 0.77, -0.25
2023-12-23 21:13:50.857,0.05, 0.74, -0.22
2023-12-23 21:13:50.857,0.03, 0.74, -0.19
2023-12-23 21:13:50.857,-0.02, 0.76, -0.16
2023-12-23 21:13:50.858,0.04, 0.91, -0.29
2023-12-23 21:13:50.858,-0.02, 1.08, -0.25
2023-12-23 21:13:50.858,-0.03, 1.14, -0.24
2023-12-23 21:13:50.859,-0.06, 1.12, -0.24
2023-12-23 21:13:50.859,-0.07, 1.06, -0.23
2023-12-23 21:13:50.860,-0.08, 0.94, -0.23
2023-12-23 21:13:50.860,-0.11, 0.83, -0.22
2023-12-23 21:13:50.861,-0.11, 0.79, -0.21
2023-12-23 21:13:50.861,-0.08, 0.82, -0.20
2023-12-23 21:13:50.861,-0.06, 0.99, -0.21
2023-12-23 21:13:50.862,-0.04, 1.04, -0.23
2023-12-23 21:13:50.862,-0.06, 1.14, -0.24
2023-12-23 21:13:50.864,-0.06, 1.11, -0.23
2023-12-23 21:13:50.865,-0.08, 1.10, -0.22
2023-12-23 21:13:50.865,-0.06, 1.01, -0.20
2023-12-23 21:13:50.865,-0.04, 0.98, -0.18
2023-12-23 21:13:50.866,-0.04, 0.96, -0.16
2023-12-23 21:13:50.866,-0.04, 0.95, -0.14
2023-12-23 21:13:50.866,-0.03, 0.95, -0.13
2023-12-23 21:13:50.867,-0.02, 0.87, -0.15
2023-12-23 21:13:50.867,-0.00, 0.86, -0.16
2023-12-23 21:13:50.867,0.02, 0.88, -0.16
2023-12-23 21:13:50.868,0.07, 0.92, -0.18
2023-12-23 21:13:50.868,0.09, 0.99, -0.19
2023-12-23 21:13:50.868,0.10, 1.02, -0.19
2023-12-23 21:13:50.869,0.10, 1.03, -0.17
2023-12-23 21:13:50.869,0.08, 0.99, -0.16
2023-12-23 21:13:50.869,0.07, 0.98, -0.13
2023-12-23 21:13:50.870,0.08, 0.99, -0.10
2023-12-23 21:13:50.870,0.08, 1.00, -0.08
2023-12-23 21:13:50.870,0.10, 1.03, -0.03
2023-12-23 21:13:50.871,0.10, 1.19, -0.04
2023-12-23 21:13:50.871,0.16, 1.31, -0.15
2023-12-23 21:13:50.872,0.07, 1.23, -0.18
2023-12-23 21:13:50.872,0.03, 1.18, -0.18
2023-12-23 21:13:50.872,-0.03, 1.04, -0.14
2023-12-23 21:13:50.873,-0.07, 0.98, -0.12
2023-12-23 21:13:50.873,-0.11, 0.91, -0.10
2023-12-23 21:13:50.873,-0.09, 0.90, -0.09
2023-12-23 21:13:50.874,-0.07, 0.89, -0.09
2023-12-23 21:13:50.874,-0.05, 0.89, -0.07
2023-12-23 21:13:50.874,-0.02, 0.83, -0.06
2023-12-23 21:13:50.875,-0.03, 0.80, -0.06
2023-12-23 21:13:50.875,-0.03, 0.80, -0.06
2023-12-23 21:13:50.875,-0.01, 0.84, -0.05
2023-12-23 21:13:50.876,-0.02, 0.92, -0.06
2023-12-23 21:13:50.876,-0.04, 1.00, -0.05
2023-12-23 21:13:50.876,-0.05, 1.00, -0.06
2023-12-23 21:13:50.877,-0.07, 0.92, -0.04
2023-12-23 21:13:50.877,-0.10, 1.05, -0.07
2023-12-23 21:13:50.877,-0.08, 1.02, -0.09
2023-12-23 21:13:50.878,-0.03, 1.03, -0.08
2023-12-23 21:13:50.878,-0.02, 1.03, -0.09
2023-12-23 21:13:50.878,0.03, 1.06, -0.10
2023-12-23 21:13:50.881,0.05, 1.06, -0.09
2023-12-23 21:13:50.882,0.11, 1.05, -0.10
2023-12-23 21:13:50.882,0.14, 1.03, -0.09
2023-12-23 21:13:50.882,0.13, 1.00, -0.10
2023-12-23 21:13:50.883,0.13, 0.99, -0.07
2023-12-23 21:13:50.883,0.15, 0.98, -0.10
2023-12-23 21:13:50.883,0.15, 1.01, -0.09
2023-12-23 21:13:50.884,0.12, 0.98, -0.11
2023-12-23 21:13:50.884,0.11, 0.97, -0.10
2023-12-23 21:13:50.884,0.08, 1.03, -0.07
2023-12-23 21:13:50.885,0.07, 1.03, -0.06
2023-12-23 21:13:50.885,0.04, 1.03, -0.05
2023-12-23 21:13:50.885,0.03, 1.04, -0.06
2023-12-23 21:13:50.886,0.02, 1.03, -0.07
2023-12-23 21:13:50.886,1.46, 0.59, -1.31
2023-12-23 21:13:50.886,1.93, 1.27, -0.58
2023-12-23 21:13:50.887,-0.08, 1.14, 0.06
2023-12-23 21:13:50.887,0.50, 0.77, -0.17
2023-12-23 21:13:50.887,0.18, 0.76, -0.10
2023-12-23 21:13:50.888,-0.10, 0.89, -0.03
2023-12-23 21:13:50.888,-0.09, 0.95, -0.11
2023-12-23 21:13:50.888,-0.06, 1.00, -0.27
2023-12-23 21:13:50.889,-0.06, 1.04, -0.22
2023-12-23 21:13:50.889,-0.07, 1.02, -0.19
2023-12-23 21:13:50.890,-0.11, 0.98, -0.14
2023-12-23 21:13:50.890,-0.13, 0.98, -0.10
2023-12-23 21:13:50.890,-0.07, 1.00, -0.03
2023-12-23 21:13:50.891,0.00, 1.05, -0.00
2023-12-23 21:13:50.891,0.03, 1.06, 0.00
2023-12-23 21:13:50.892,0.04, 1.07, 0.03
2023-12-23 21:13:50.892,-0.00, 1.05, 0.03
2023-12-23 21:13:50.893,-0.08, 1.03, 0.02
2023-12-23 21:13:50.893,-0.05, 0.98, -0.08
2023-12-23 21:13:50.893,-0.56, 0.63, -0.07
2023-12-23 21:13:50.894,0.64, 1.31, -0.15
2023-12-23 21:13:50.894,-0.04, 0.96, -0.03
2023-12-23 21:13:50.894,0.00, 0.97, -0.06
2023-12-23 21:13:50.895,-0.00, 0.94, -0.09
2023-12-23 21:13:50.895,0.05, 0.98, -0.09
2023-12-23 21:13:50.895,0.07, 1.00, -0.09
2023-12-23 21:13:50.897,0.09, 1.02, -0.10
2023-12-23 21:13:50.898,0.10, 1.03, -0.08
2023-12-23 21:13:50.898,0.12, 1.06, -0.08
2023-12-23 21:13:50.898,0.09, 1.04, -0.08
2023-12-23 21:13:50.899,0.07, 1.03, -0.08
2023-12-23 21:13:50.899,0.04, 1.07, -0.08
2023-12-23 21:13:50.900,0.02, 1.07, -0.08
2023-12-23 21:13:50.900,-0.05, 0.92, -0.06
2023-12-23 21:13:50.900,-0.07, 0.79, -0.03
2023-12-23 21:13:50.901,0.13, 0.71, -0.20
2023-12-23 21:13:50.901,0.22, 1.23, -0.02
2023-12-23 21:13:50.901,-0.07, 1.26, 0.17
2023-12-23 21:13:50.902,-0.05, 1.06, -0.12
2023-12-23 21:13:50.902,-0.02, 1.09, -0.15
2023-12-23 21:13:50.902,0.02, 1.15, -0.17
2023-12-23 21:13:50.903,0.04, 1.15, -0.20
2023-12-23 21:13:50.903,0.04, 1.12, -0.22
2023-12-23 21:13:50.903,0.04, 1.01, -0.23
2023-12-23 21:13:50.904,0.04, 0.98, -0.16
2023-12-23 21:13:50.904,0.05, 0.99, -0.13
2023-12-23 21:13:50.904,0.01, 0.98, -0.12
2023-12-23 21:13:50.905,-0.00, 1.00, -0.11
2023-12-23 21:13:50.905,0.01, 1.01, -0.10
2023-12-23 21:13:50.905,0.08, 0.97, -0.10
2023-12-23 21:13:50.906,0.12, 0.98, -0.08
2023-12-23 21:13:50.906,0.11, 1.01, -0.09
2023-12-23 21:13:50.906,0.09, 1.03, -0.09
2023-12-23 21:13:50.907,0.05, 1.06, -0.11
2023-12-23 21:13:50.907,0.03, 1.09, -0.09
2023-12-23 21:13:50.907,0.03, 1.08, -0.08
2023-12-23 21:13:50.908,0.06, 1.03, -0.04
2023-12-23 21:13:50.908,0.11, 0.92, -0.05
2023-12-23 21:13:50.908,0.10, 0.84, -0.09
2023-12-23 21:13:50.908,0.09, 0.81, -0.10
2023-12-23 21:13:50.909,0.09, 0.85, -0.07
2023-12-23 21:13:50.909,0.05, 0.97, -0.03
2023-12-23 21:13:50.910,0.02, 1.03, -0.00
2023-12-23 21:13:50.910,0.01, 1.04, -0.00
2023-12-23 21:13:50.910,0.03, 1.01, 0.01
2023-12-23 21:13:50.910,0.05, 1.00, 0.01
2023-12-23 21:13:50.911,0.07, 1.00, -0.00
2023-12-23 21:13:50.911,0.04, 0.99, -0.01
2023-12-23 21:13:50.911,0.03, 0.98, -0.00
2023-12-23 21:13:50.912,0.01, 0.95, 0.01
2023-12-23 21:13:50.914,0.01, 0.95, 0.01
2023-12-23 21:13:50.914,0.03, 1.00, 0.03
2023-12-23 21:13:50.914,0.04, 1.03, 0.03
2023-12-23 21:13:50.915,0.04, 1.03, 0.02
2023-12-23 21:13:50.915,0.05, 1.01, -0.00
2023-12-23 21:13:50.915,0.05, 1.00, -0.01
2023-12-23 21:13:50.916,0.06, 0.99, -0.01
2023-12-23 21:13:50.916,0.05, 0.98, -0.02
2023-12-23 21:13:50.916,0.05, 0.98, -0.02
2023-12-23 21:13:50.917,0.04, 0.98, -0.02
2023-12-23 21:13:50.917,0.03, 0.98, -0.02
2023-12-23 21:13:50.917,0.03, 1.02, -0.00
2023-12-23 21:13:50.918,0.05, 1.09, -0.04
2023-12-23 21:13:50.918,0.05, 1.11, -0.04
2023-12-23 21:13:50.918,0.01, 1.09, -0.05
2023-12-23 21:13:50.919,0.02, 1.11, -0.05
2023-12-23 21:13:50.919,0.01, 1.07, -0.05
2023-12-23 21:13:50.919,0.02, 1.06, -0.01
2023-12-23 21:13:50.920,0.02, 1.06, 0.02
2023-12-23 21:13:50.920,0.03, 1.02, 0.01
2023-12-23 21:13:50.920,0.05, 1.00, 0.00
2023-12-23 21:13:50.921,0.08, 0.98, 0.02
2023-12-23 21:13:50.921,0.10, 0.97, 0.03
2023-12-23 21:13:50.921,0.12, 1.00, 0.06
2023-12-23 21:13:50.922,0.11, 0.96, 0.06
2023-12-23 21:13:50.922,0.11, 0.91, 0.01
2023-12-23 21:13:50.922,0.12, 0.94, 0.06
2023-12-23 21:13:50.923,0.07, 0.92, 0.02
2023-12-23 21:13:50.923,0.06, 0.92, 0.03
2023-12-23 21:13:50.923,0.05, 0.93, 0.05
2023-12-23 21:13:50.923,0.05, 0.94, 0.02
2023-12-23 21:13:50.924,0.06, 0.93, 0.01
2023-12-23 21:13:50.924,0.07, 0.96, 0.01
2023-12-23 21:13:50.924,0.07, 0.99, 0.00
2023-12-23 21:13:50.925,0.07, 1.03, -0.02
2023-12-23 21:13:50.925,0.07, 1.06, -0.07
2023-12-23 21:13:50.925,0.04, 1.00, -0.11
2023-12-23 21:13:50.926,0.07, 1.05, -0.10
2023-12-23 21:13:50.926,0.09, 1.09, -0.14
2023-12-23 21:13:50.926,0.07, 1.04, -0.10
2023-12-23 21:13:50.927,0.11, 1.00, 0.06
2023-12-23 21:13:50.927,0.10, 0.99, 0.08
2023-12-23 21:13:50.927,0.08, 0.99, -0.04
2023-12-23 21:13:50.927,0.09, 1.00, 0.07
2023-12-23 21:13:50.928,0.09, 0.99, 0.08
2023-12-23 21:13:50.928,0.10, 0.95, 0.08
2023-12-23 21:13:50.928,0.08, 0.93, 0.02
2023-12-23 21:13:50.931,0.07, 0.93, 0.04
2023-12-23 21:13:50.931,0.06, 1.02, -0.04
2023-12-23 21:13:50.931,0.05, 1.05, -0.04
2023-12-23 21:13:50.932,0.07, 1.09, 0.03
2023-12-23 21:13:50.932,0.06, 1.08, 0.04
2023-12-23 21:13:50.932,0.05, 1.05, 0.05
2023-12-23 21:13:50.933,0.05, 1.05, 0.05
2023-12-23 21:13:50.933,0.06, 1.05, 0.05
2023-12-23 21:13:50.933,0.06, 1.05, 0.03
2023-12-23 21:13:50.934,0.06, 1.05, 0.03
2023-12-23 21:13:50.934,0.07, 1.03, 0.03
2023-12-23 21:13:50.934,0.07, 1.02, 0.08
2023-12-23 21:13:50.934,0.06, 1.02, 0.06
2023-12-23 21:13:50.935,0.07, 0.98, 0.03
2023-12-23 21:13:50.935,0.06, 0.95, 0.02
2023-12-23 21:13:50.935,0.07, 0.90, 0.07
2023-12-23 21:13:50.936,0.08, 0.96, 0.05
2023-12-23 21:13:50.936,0.07, 0.98, 0.06
2023-12-23 21:13:50.937,0.07, 0.99, 0.06
2023-12-23 21:13:50.937,0.08, 0.99, 0.06
2023-12-23 21:13:50.938,0.08, 0.96, 0.07
2023-12-23 21:13:50.939,0.07, 0.92, 0.08
2023-12-23 21:13:50.939,0.06, 0.92, 0.06
2023-12-23 21:13:50.940,0.06, 0.87, 0.06
2023-12-23 21:13:50.941,0.06, 0.90, 0.04
2023-12-23 21:13:50.941,0.05, 0.94, 0.05
2023-12-23 21:13:50.942,0.04, 0.99, 0.07
2023-12-23 21:13:50.942,0.04, 1.02, 0.10
2023-12-23 21:13:50.943,0.03, 1.07, 0.15
2023-12-23 21:13:50.943,0.02, 1.07, 0.16
2023-12-23 21:13:50.944,0.01, 1.06, 0.17
2023-12-23 21:13:50.944,0.03, 1.02, 0.19
2023-12-23 21:13:50.945,0.04, 1.02, 0.19
2023-12-23 21:13:50.948,0.06, 1.02, 0.18
2023-12-23 21:13:50.948,0.07, 0.97, 0.16
2023-12-23 21:13:50.949,0.08, 0.95, 0.14
2023-12-23 21:13:50.951,0.09, 1.04, 0.14
2023-12-23 21:13:50.951,0.07, 1.00, 0.19
2023-12-23 21:13:50.952,0.05, 1.02, 0.18
2023-12-23 21:13:50.952,0.05, 1.02, 0.24
2023-12-23 21:13:50.953,0.04, 1.03, 0.24
2023-12-23 21:13:50.954,0.03, 1.01, 0.23
2023-12-23 21:13:50.954,0.03, 0.99, 0.23
2023-12-23 21:13:50.954,0.03, 0.98, 0.18
2023-12-23 21:13:50.955,0.02, 0.94, 0.12
2023-12-23 21:13:50.955,0.03, 0.92, 0.11
2023-12-23 21:13:50.955,0.03, 0.87, 0.09
2023-12-23 21:13:50.956,0.04, 0.89, 0.10
2023-12-23 21:13:50.957,0.05, 0.98, 0.14
2023-12-23 21:13:50.957,0.03, 1.02, 0.17
2023-12-23 21:13:50.958,0.02, 1.03, 0.17
2023-12-23 21:13:50.959,0.02, 1.03, 0.17
2023-12-23 21:13:50.960,0.01, 1.00, 0.17
2023-12-23 21:13:50.960,0.01, 0.98, 0.19
2023-12-23 21:13:50.961,0.01, 0.98, 0.19
2023-12-23 21:13:50.962,0.01, 0.96, 0.20
2023-12-23 21:13:50.964,0.01, 0.95, 0.20
2023-12-23 21:13:50.964,0.02, 0.96, 0.20
2023-12-23 21:13:50.964,0.02, 0.97, 0.18
2023-12-23 21:13:50.965,0.03, 1.00, 0.18
2023-12-23 21:13:50.965,0.03, 1.01, 0.17
2023-12-23 21:13:50.965,0.02, 1.02, 0.18
2023-12-23 21:13:50.966,0.02, 1.02, 0.18
2023-12-23 21:13:50.966,0.02, 0.99, 0.16
2023-12-23 21:13:50.966,0.02, 0.97, 0.16
2023-12-23 21:13:50.967,0.02, 0.98, 0.16
2023-12-23 21:13:50.967,0.02, 0.98, 0.16
2023-12-23 21:13:50.967,0.02, 0.98, 0.18
2023-12-23 21:13:50.967,0.01, 0.98, 0.19
2023-12-23 21:13:50.968,0.01, 0.97, 0.18
2023-12-23 21:13:50.968,0.01, 0.96, 0.19
2023-12-23 21:13:50.968,0.02, 0.94, 0.18
2023-12-23 21:13:50.969,0.02, 0.94, 0.20
2023-12-23 21:13:50.969,0.02, 0.94, 0.19
2023-12-23 21:13:50.970,0.03, 0.94, 0.20
2023-12-23 21:13:50.970,0.03, 0.94, 0.19
2023-12-23 21:13:50.971,0.02, 0.94, 0.19
2023-12-23 21:13:50.971,0.01, 0.93, 0.18
2023-12-23 21:13:50.971,0.00, 0.95, 0.19
2023-12-23 21:13:50.972,-0.01, 0.99, 0.22
2023-12-23 21:13:50.972,-0.02, 0.99, 0.20
2023-12-23 21:13:50.973,-0.02, 0.99, 0.21
2023-12-23 21:13:50.973,-0.02, 0.98, 0.22
2023-12-23 21:13:50.974,-0.01, 0.98, 0.21
2023-12-23 21:13:50.974,0.00, 0.98, 0.20
2023-12-23 21:13:50.974,0.01, 0.96, 0.18
2023-12-23 21:13:50.975,0.01, 0.96, 0.18
2023-12-23 21:13:50.975,0.01, 0.99, 0.18
2023-12-23 21:13:50.975,0.00, 1.00, 0.19
2023-12-23 21:13:50.976,-0.01, 1.02, 0.19
2023-12-23 21:13:50.976,-0.02, 1.01, 0.19
2023-12-23 21:13:50.977,-0.02, 1.00, 0.18
2023-12-23 21:13:50.977,-0.01, 0.99, 0.17
2023-12-23 21:13:50.978,-0.00, 0.99, 0.15
2023-12-23 21:13:50.978,-0.00, 1.00, 0.14
2023-12-23 21:13:50.979,0.00, 1.01, 0.13
2023-12-23 21:13:50.981,0.00, 1.02, 0.12
2023-12-23 21:13:50.981,0.00, 1.04, 0.11
2023-12-23 21:13:50.982,0.00, 1.04, 0.11
2023-12-23 21:13:50.982,0.00, 1.04, 0.10
2023-12-23 21:13:50.982,-0.01, 1.04, 0.11
2023-12-23 21:13:50.983,-0.00, 1.05, 0.12
2023-12-23 21:13:50.983,0.02, 1.03, 0.15
2023-12-23 21:13:50.984,0.04, 1.00, 0.14
2023-12-23 21:13:50.985,0.05, 0.96, 0.17
2023-12-23 21:13:50.985,0.03, 1.06, 0.34
2023-12-23 21:13:50.986,0.02, 1.01, 0.33
2023-12-23 21:13:50.987,-0.06, 0.95, 0.29
2023-12-23 21:13:50.987,-0.09, 0.87, 0.27
2023-12-23 21:13:50.988,-0.10, 0.91, 0.32
2023-12-23 21:13:50.988,-0.19, 0.81, 0.25
2023-12-23 21:13:50.989,-0.24, 0.78, 0.21
2023-12-23 21:13:50.990,-0.25, 0.28, -0.03
2023-12-23 21:13:50.990,-0.08, 0.86, 0.17
2023-12-23 21:13:50.991,0.05, 0.95, 0.12
2023-12-23 21:13:50.992,0.09, 1.03, 0.08
2023-12-23 21:13:50.993,0.09, 1.08, 0.07
2023-12-23 21:13:50.993,0.04, 1.10, 0.06
2023-12-23 21:13:50.994,-0.03, 1.12, 0.06
2023-12-23 21:13:50.995,-0.07, 1.13, 0.05
2023-12-23 21:13:50.995,-0.16, 1.12, 0.04
2023-12-23 21:13:50.998,-0.18, 1.12, 0.04
2023-12-23 21:13:50.999,-0.21, 1.12, 0.03
2023-12-23 21:13:50.999,-0.19, 1.08, 0.01
2023-12-23 21:13:51.000,-0.18, 1.05, 0.01
2023-12-23 21:13:51.001,-0.14, 1.03, 0.03
2023-12-23 21:13:51.001,-0.11, 1.03, 0.04
2023-12-23 21:13:51.002,-0.05, 1.03, 0.06
2023-12-23 21:13:51.003,-0.01, 1.02, 0.07
2023-12-23 21:13:51.004,-0.01, 1.00, 0.09
2023-12-23 21:13:51.004,-0.04, 1.00, 0.09
2023-12-23 21:13:51.005,-0.05, 1.00, 0.10
2023-12-23 21:13:51.006,-0.04, 1.06, 0.12
2023-12-23 21:13:51.006,-0.02, 1.09, 0.14
2023-12-23 21:13:51.007,-0.00, 1.08, 0.12
2023-12-23 21:13:51.008,0.01, 1.02, 0.10
2023-12-23 21:13:51.008,-0.01, 1.01, 0.11
2023-12-23 21:13:51.009,-0.02, 1.00, 0.12
2023-12-23 21:13:51.009,-0.03, 0.96, 0.09
2023-12-23 21:13:51.010,-0.03, 0.95, 0.09
2023-12-23 21:13:51.010,-0.06, 0.94, 0.11
2023-12-23 21:13:51.010,-0.05, 0.93, 0.11
2023-12-23 21:13:51.011,-0.06, 0.92, 0.09
2023-12-23 21:13:51.011,-0.09, 0.94, 0.09
2023-12-23 21:13:51.012,-0.07, 0.98, 0.10
2023-12-23 21:13:51.015,-0.14, 1.00, 0.15
2023-12-23 21:13:51.016,-0.08, 1.01, 0.11
2023-12-23 21:13:51.016,-0.04, 1.04, 0.11
2023-12-23 21:13:51.017,0.04, 1.04, 0.12
2023-12-23 21:13:51.018,0.03, 0.98, 0.10
2023-12-23 21:13:51.018,0.02, 0.96, 0.11
2023-12-23 21:13:51.019,0.01, 0.93, 0.11
2023-12-23 21:13:51.019,0.02, 0.93, 0.10
2023-12-23 21:13:51.020,0.04, 0.97, 0.09
2023-12-23 21:13:51.021,0.04, 1.01, 0.11
2023-12-23 21:13:51.021,0.03, 1.02, 0.10
2023-12-23 21:13:51.022,0.04, 1.01, 0.09
2023-12-23 21:13:51.023,0.02, 1.00, 0.09
2023-12-23 21:13:51.023,0.00, 1.01, 0.12
2023-12-23 21:13:51.024,0.01, 1.01, 0.12
2023-12-23 21:13:51.025,-0.01, 1.01, 0.12
2023-12-23 21:13:51.026,-0.01, 1.00, 0.014
2023-12-23 21:13:51.027,-0.10, 0.84, -0.11
2023-12-23 21:13:51.027,-0.19,0.10, 0.64
2023-12-23 21:13:51.028,-0.11, 0.53, 0.04
2023-12-23 21:13:51.031,-0.14, 0.43, 0.05
2023-12-23 21:13:51.031,-0.18, 0.51, 0.07
2023-12-23 21:13:51.032,-0.17, 0.57, 0.08
2023-12-23 21:13:51.033,-0.14, 0.64, -0.07
2023-12-23 21:13:51.033,-0.10, 0.84, -0.11
2023-12-23 21:13:51.034,-0.19, 1.35, -0.12
2023-12-23 21:13:51.034,-0.17, 1.84, -0.22
2023-12-23 21:13:51.035,-0.19, 1.95, -0.27
2023-12-23 21:13:51.036,-0.05, 2.03, -0.35
2023-12-23 21:13:51.036,0.03, 1.99, -0.35
2023-12-23 21:13:51.036,0.20, 1.83, -0.28
2023-12-23 21:13:51.037,0.35, 1.57, -0.31
2023-12-23 21:13:51.037,0.39, 1.40, -0.35
2023-12-23 21:13:51.038,0.33, 1.15, -0.35
2023-12-23 21:13:51.038,0.25, 1.06, -0.34
2023-12-23 21:13:51.039,0.03, 1.01, -0.28
2023-12-23 21:13:51.040,-0.19, 1.13, -0.23
2023-12-23 21:13:51.040,-0.35, 1.22, -0.21
2023-12-23 21:13:51.041,-0.50, 1.44, -0.14
2023-12-23 21:13:51.042,-0.51, 1.49, -0.13
2023-12-23 21:13:51.043,-0.43, 1.60, -0.10
2023-12-23 21:13:51.043,-0.21, 1.71, -0.09
2023-12-23 21:13:51.044,-0.11, 1.75, -0.11
2023-12-23 21:13:51.045,0.06, 1.62, -0.26
2023-12-23 21:13:51.047,0.14, 1.46, -0.36
2023-12-23 21:13:51.048,0.13, 1.05, -0.33
2023-12-23 21:13:51.048,-0.04, 0.59, -0.22
2023-12-23 21:13:51.049,0.00, 0.50, -0.14
2023-12-23 21:13:51.049,0.10, 0.42, 0.03
2023-12-23 21:13:51.050,0.15, 0.46, 0.06
2023-12-23 21:13:51.050,0.05, 0.58, 0.09
2023-12-23 21:13:51.051,-0.04, 0.82, 0.08
2023-12-23 21:13:51.052,-0.11, 0.97, 0.10
2023-12-23 21:13:51.052,-0.16, 1.17, 0.10
2023-12-23 21:13:51.055,-0.15, 1.26, 0.12
2023-12-23 21:13:51.065,-0.12, 1.34, 0.08
2023-12-23 21:13:51.071,0.00, 1.00, -0.15
2023-12-23 21:13:51.081,0.00, 0.80, -0.14
2023-12-23 21:13:51.088,0.03, 0.47, -0.06
2023-12-23 21:13:51.097,0.06, 0.31, -0.05
2023-12-23 21:13:51.104,0.08, 0.20, 0.05
2023-12-23 21:13:51.114,0.01, 0.33, 0.16
2023-12-23 21:13:51.121,-0.02, 0.44, 0.19
2023-12-23 21:13:51.130,-0.08, 0.57, 0.18
2023-12-23 21:13:51.137,-0.02, 0.74, 0.20
2023-12-23 21:13:51.145,-0.06, 0.85, 0.21
2023-12-23 21:13:51.155,-0.10, 0.98, 0.17
2023-12-23 21:13:51.165,-0.06, 0.96, 0.12
2023-12-23 21:13:51.171,-0.04, 0.76, 0.07
2023-12-23 21:13:51.180,0.00, 0.57, 0.05
2023-12-23 21:13:51.187,0.01, 0.46, 0.00
2023-12-23 21:13:51.194,-0.01, 0.33, 0.04
2023-12-23 21:13:51.202,-0.01, 0.28, 0.03
2023-12-23 21:13:51.211,-0.08, 0.29, 0.07
2023-12-23 21:13:51.219,-0.06, 0.26, 0.04
2023-12-23 21:13:51.223,-0.09, 0.34, 0.08
2023-12-23 21:13:51.231,-0.07, 0.49, 0.04
2023-12-23 21:13:51.239,-0.05, 0.50, -0.02
2023-12-23 21:13:51.248,-0.14, 0.47, 0.00
2023-12-23 21:13:51.260,-0.09, 0.33, -0.02
2023-12-23 21:13:51.267,-0.10, 0.22, -0.09
2023-12-23 21:13:51.272,-0.03, 0.35, -0.10
2023-12-23 21:13:51.281,-0.04, 0.58, -0.16
2023-12-23 21:13:51.288,-0.03, 1.24, -0.19
2023-12-23 21:13:51.298,0.08, 1.43, -0.41
2023-12-23 21:13:51.305,0.08, 1.46, -0.37
2023-12-23 21:13:51.314,0.20, 1.34, -0.41
2023-12-23 21:13:51.329,0.25, 1.22, -0.45
2023-12-23 21:13:51.331,0.21, 1.04, -0.41
2023-12-23 21:13:51.338,0.10, 1.13, -0.35
2023-12-23 21:13:51.347,-0.01, 1.21, -0.36
2023-12-23 21:13:51.354,-0.12, 1.29, -0.45
2023-12-23 21:13:51.363,-0.25, 1.40, -0.39
2023-12-23 21:13:51.370,-0.34, 1.61, -0.45
2023-12-23 21:13:51.379,-0.31, 1.80, -0.52
2023-12-23 21:13:51.387,-0.32, 1.91, -0.51
2023-12-23 21:13:51.395,-0.25, 1.96, -0.54
2023-12-23 21:13:51.403,-0.17, 1.97, -0.54
2023-12-23 21:13:51.411,0.00, 1.91, -0.52
2023-12-23 21:13:51.420,0.11, 1.80, -0.50
2023-12-23 21:13:51.424,0.17, 1.74, -0.51
2023-12-23 21:13:51.433,0.22, 1.74, -0.48
2023-12-23 21:13:51.440,0.19, 1.78, -0.47
2023-12-23 21:13:51.451,0.14, 1.76, -0.47
2023-12-23 21:13:51.460,0.01, 1.76, -0.44
2023-12-23 21:13:51.468,-0.05, 1.80, -0.40
2023-12-23 21:13:51.473,-0.10, 1.85, -0.37
2023-12-23 21:13:51.485,-0.15, 2.04, -0.29
2023-12-23 21:13:51.489,-0.11, 1.99, -0.39
2023-12-23 21:13:51.500,-0.08, 1.72, -0.49
2023-12-23 21:13:51.506,0.13, 1.42, -0.77
2023-12-23 21:13:51.516,0.01, 1.01, -0.53
2023-12-23 21:13:51.522,0.11, 0.74, -0.42
2023-12-23 21:13:51.533,0.10, 0.75, -0.30
2023-12-23 21:13:51.538,0.00, 0.81, -0.12
2023-12-23 21:13:51.550,0.05, 0.88, -0.07
2023-12-23 21:13:51.555,0.04, 0.89, -0.04
2023-12-23 21:13:51.565,0.01, 0.89, -0.03
2023-12-23 21:13:51.571,-0.01, 0.93, -0.00
2023-12-23 21:13:51.581,-0.05, 0.82, -0.12
2023-12-23 21:13:51.588,-0.03, 0.52, -0.23
2023-12-23 21:13:51.597,-0.01, 0.41, -0.23
2023-12-23 21:13:51.604,0.01, 0.25, -0.18
2023-12-23 21:13:51.615,-0.00, 0.22, -0.13
2023-12-23 21:13:51.621,-0.02, 0.28, -0.03
2023-12-23 21:13:51.625,-0.10, 0.36, 0.02
2023-12-23 21:13:51.633,-0.13, 0.39, 0.05
2023-12-23 21:13:51.641,-0.08, 0.45, 0.07
2023-12-23 21:13:51.653,-0.05, 0.45, 0.07
2023-12-23 21:13:51.657,0.02, 0.40, 0.09
2023-12-23 21:13:51.665,0.04, 0.36, 0.09
2023-12-23 21:13:51.673,0.05, 0.25, 0.07
2023-12-23 21:13:51.682,0.06, 0.17, 0.04
2023-12-23 21:13:51.690,0.07, 0.11, 0.02
2023-12-23 21:13:51.698,0.05, 0.01, -0.01
2023-12-23 21:13:51.706,0.03, -0.00, 0.02
2023-12-23 21:13:51.715,-0.02, 0.08, 0.11
2023-12-23 21:13:51.724,-0.00, 0.07, -0.02
2023-12-23 21:13:51.731,-0.01, 0.05, -0.08
2023-12-23 21:13:51.739,0.01, 0.05, -0.16
2023-12-23 21:13:51.747,0.01, 0.09, -0.22
2023-12-23 21:13:51.755,-0.01, 0.24, -0.21
2023-12-23 21:13:51.764,-0.28, 0.44, -0.17
2023-12-23 21:13:51.772,-0.12, 0.56, -0.24
2023-12-23 21:13:51.780,-0.08, 0.67, -0.32
2023-12-23 21:13:51.788,-0.05, 0.88, -0.27
2023-12-23 21:13:51.797,-0.03, 0.82, -0.37
2023-12-23 21:13:51.804,-0.02, 0.87, -0.42
2023-12-23 21:13:51.817,0.00, 0.82, -0.47
2023-12-23 21:13:51.820,-0.05, 0.99, -0.45
2023-12-23 21:13:51.826,-0.24, 1.43, -0.59
2023-12-23 21:13:51.833,-0.22, 1.55, -0.79
2023-12-23 21:13:51.841,-0.34, 1.81, -0.76
2023-12-23 21:13:51.854,-0.41, 2.09, -0.65
2023-12-23 21:13:51.858,-0.34, 2.13, -0.70
2023-12-23 21:13:51.866,-0.24, 1.90, -0.78
2023-12-23 21:13:51.874,-0.29, 1.78, -0.73
2023-12-23 21:13:51.883,-0.19, 1.70, -0.68
2023-12-23 21:13:51.891,-0.10, 1.50, -0.67
2023-12-23 21:13:51.899,-0.08, 1.49, -0.65
2023-12-23 21:13:51.907,-0.01, 1.47, -0.62
2023-12-23 21:13:51.915,-0.03, 1.49, -0.58
2023-12-23 21:13:51.923,-0.02, 1.62, -0.66
2023-12-23 21:13:51.932,-0.01, 1.95, -0.71
2023-12-23 21:13:51.940,-0.00, 2.14, -0.76
2023-12-23 21:13:51.949,-0.03, 2.60, -0.69
2023-12-23 21:13:51.956,-0.08, 2.83, -0.61
2023-12-23 21:13:51.965,0.02, 2.94, -0.73
2023-12-23 21:13:51.973,0.23, 2.55, -0.90
2023-12-23 21:13:51.981,0.30, 2.23, -0.92
2023-12-23 21:13:51.989,0.44, 1.55, -1.01
2023-12-23 21:13:51.999,0.51, 1.15, -1.08
2023-12-23 21:13:52.005,0.33, 0.61, -0.88
2023-12-23 21:13:52.015,0.20, 0.67, -0.52
2023-12-23 21:13:52.018,0.04, 0.79, -0.39
2023-12-23 21:13:52.026,-0.15, 1.05, -0.33
2023-12-23 21:13:52.034,-0.34, 1.23, -0.20
2023-12-23 21:13:52.042,-0.53, 1.39, -0.17
2023-12-23 21:13:52.051,-0.52, 1.17, -0.31
2023-12-23 21:13:52.059,-0.46, 0.81, -0.55
2023-12-23 21:13:52.067,-0.31, 0.25, -0.65
2023-12-23 21:13:52.075,-0.31, 0.04, -0.62
2023-12-23 21:13:52.083,-0.30, -0.13, -0.53
2023-12-23 21:13:52.091,-0.34, 0.04, -0.21
2023-12-23 21:13:52.100,-0.40, 0.21, -0.08
2023-12-23 21:13:52.108,-0.32, 0.37, -0.07
2023-12-23 21:13:52.116,-0.29, 0.39, -0.06
2023-12-23 21:13:52.124,-0.30, 0.41, 0.04
2023-12-23 21:13:52.133,-0.23, 0.38, 0.05
2023-12-23 21:13:52.141,-0.16, 0.32, 0.01
2023-12-23 21:13:52.149,-0.06, 0.06, -0.08
2023-12-23 21:13:52.157,-0.06, 0.01, -0.03
2023-12-23 21:13:52.165,0.01, -0.06, 0.05
2023-12-23 21:13:52.173,0.08, -0.13, 0.08
2023-12-23 21:13:52.182,0.10, -0.11, 0.12
2023-12-23 21:13:52.189,0.18, -0.12, 0.10
2023-12-23 21:13:52.199,0.22, -0.20, 0.09
2023-12-23 21:13:52.206,0.28, -0.27, 0.03
2023-12-23 21:13:52.211,0.24, -0.25, 0.11
2023-12-23 21:13:52.219,0.21, -0.21, 0.09
2023-12-23 21:13:52.232,0.20, -0.36, -0.11
2023-12-23 21:13:52.238,0.11, -0.28, -0.08
2023-12-23 21:13:52.248,0.10, -0.21, -0.12
2023-12-23 21:13:52.252,0.05, -0.08, -0.23
2023-12-23 21:13:52.260,-0.01, 0.09, -0.24
2023-12-23 21:13:52.268,-0.09, 0.66, -0.39
2023-12-23 21:13:52.276,-0.46, 0.76, -0.82
2023-12-23 21:13:52.284,-0.83, 1.41, -0.44
2023-12-23 21:13:52.292,-0.37, 2.00, -0.43
2023-12-23 21:13:52.303,-0.23, 1.59, -0.79
2023-12-23 21:13:52.309,-0.07, 1.60, -0.61
2023-12-23 21:13:52.317,-0.28, 1.49, -0.52
2023-12-23 21:13:52.325,-0.14, 1.58, -0.51
2023-12-23 21:13:52.333,0.03, 1.33, -0.67
2023-12-23 21:13:52.342,0.03, 1.37, -0.65
2023-12-23 21:13:52.350,-0.16, 1.65, -0.54
2023-12-23 21:13:52.358,-0.10, 2.03, -0.70
2023-12-23 21:13:52.366,-0.12, 2.22, -0.80
2023-12-23 21:13:52.374,-0.17, 2.47, -0.91
2023-12-23 21:13:52.382,-0.11, 2.52, -0.99
2023-12-23 21:13:52.390,-0.14, 2.48, -0.93
2023-12-23 21:13:52.399,-0.07, 2.30, -0.88
2023-12-23 21:13:52.407,-0.01, 2.17, -0.87
2023-12-23 21:13:52.411,0.10, 1.85, -0.94
2023-12-23 21:13:52.419,0.12, 1.63, -1.04
2023-12-23 21:13:52.428,0.12, 1.38, -1.00
2023-12-23 21:13:52.436,0.05, 1.48, -0.82
2023-12-23 21:13:52.448,0.03, 1.55, -0.79
2023-12-23 21:13:52.452,-0.08, 1.66, -0.73
2023-12-23 21:13:52.460,-0.12, 1.71, -0.69
2023-12-23 21:13:52.468,-0.15, 1.82, -0.61
2023-12-23 21:13:52.477,-0.20, 1.87, -0.55
2023-12-23 21:13:52.486,-0.18, 1.92, -0.53
2023-12-23 21:13:52.493,-0.20, 1.86, -0.60
2023-12-23 21:13:52.501,-0.19, 1.67, -0.75
2023-12-23 21:13:52.509,-0.13, 1.22, -0.84
2023-12-23 21:13:52.518,-0.16, 0.90, -0.75
2023-12-23 21:13:52.526,-0.09, 0.66, -0.81
2023-12-23 21:13:52.534,-0.28, 0.41, -0.57
2023-12-23 21:13:52.542,-0.21, 0.62, -0.36
2023-12-23 21:13:52.550,-0.29, 0.73, -0.22
2023-12-23 21:13:52.558,-0.31, 0.88, -0.12
2023-12-23 21:13:52.566,-0.35, 0.93, -0.11
2023-12-23 21:13:52.574,-0.34, 0.70, -0.21
2023-12-23 21:13:52.583,-0.29, 0.42, -0.15
2023-12-23 21:13:52.591,-0.22, 0.19, -0.23
2023-12-23 21:13:52.601,0.00, -0.14, -0.21
2023-12-23 21:13:52.604,0.09, -0.28, -0.04
2023-12-23 21:13:52.612,0.14, -0.30, 0.02
2023-12-23 21:13:52.623,0.21, -0.31, 0.12
2023-12-23 21:13:52.632,0.30, -0.29, 0.14
2023-12-23 21:13:52.640,0.33, -0.24, 0.16
2023-12-23 21:13:52.644,0.32, -0.26, 0.10
2023-12-23 21:13:52.653,0.32, -0.31, 0.07
2023-12-23 21:13:52.661,0.28, -0.32, 0.16
2023-12-23 21:13:52.669,0.26, -0.36, 0.15
2023-12-23 21:13:52.677,0.22, -0.46, 0.08
2023-12-23 21:13:52.685,0.19, -0.50, 0.00
2023-12-23 21:13:52.693,0.16, -0.50, -0.02
2023-12-23 21:13:52.702,0.18, -0.51, -0.19
2023-12-23 21:13:52.710,0.17, -0.44, -0.25
2023-12-23 21:13:52.718,0.04, 0.00, -0.31
2023-12-23 21:13:52.726,-0.19, 0.61, -0.42
2023-12-23 21:13:52.734,-0.17, 0.68, -0.62
2023-12-23 21:13:52.743,-0.22, 1.03, -0.59
2023-12-23 21:13:52.751,-0.28, 1.20, -0.61
2023-12-23 21:13:52.759,-0.17, 1.06, -0.97
2023-12-23 21:13:52.767,-0.49, 1.74, -0.45
2023-12-23 21:13:52.775,-0.50, 1.92, -0.43
2023-12-23 21:13:52.785,-0.47, 1.58, -0.57
2023-12-23 21:13:52.793,-0.13, 1.54, -0.67
2023-12-23 21:13:52.800,-0.14, 1.49, -0.53
2023-12-23 21:13:52.808,-0.20, 1.23, -0.54
2023-12-23 21:13:52.816,-0.16, 1.21, -0.55
2023-12-23 21:13:52.825,-0.27, 1.40, -0.53
2023-12-23 21:13:52.833,-0.36, 1.52, -0.53
2023-12-23 21:13:52.841,-0.32, 1.65, -0.70
2023-12-23 21:13:52.845,-0.33, 1.78, -0.79
2023-12-23 21:13:52.853,-0.30, 2.01, -0.78
2023-12-23 21:13:52.862,-0.35, 2.18, -0.90
2023-12-23 21:13:52.870,-0.31, 2.46, -0.79
2023-12-23 21:13:52.878,-0.26, 2.43, -0.80
2023-12-23 21:13:52.886,-0.02, 2.19, -0.87
2023-12-23 21:13:52.894,0.10, 1.93, -0.93
2023-12-23 21:13:52.902,0.21, 1.59, -0.86
2023-12-23 21:13:52.911,0.20, 1.51, -0.78
2023-12-23 21:13:52.919,0.12, 1.51, -0.76
2023-12-23 21:13:52.927,0.06, 1.64, -0.75
2023-12-23 21:13:52.935,0.04, 1.76, -0.75
2023-12-23 21:13:52.944,-0.13, 1.83, -0.70
2023-12-23 21:13:52.952,-0.34, 1.91, -0.65
2023-12-23 21:13:52.960,-0.40, 1.93, -0.63
2023-12-23 21:13:52.968,-0.51, 1.76, -0.67
2023-12-23 21:13:52.976,-0.55, 1.69, -0.67
2023-12-23 21:13:52.984,-0.60, 1.55, -0.61
2023-12-23 21:13:52.992,-0.45, 1.32, -0.65
2023-12-23 21:13:53.000,-0.47, 1.10, -0.70
2023-12-23 21:13:53.009,-0.20, 0.61, -0.73
2023-12-23 21:13:53.017,-0.14, 0.38, -0.67
2023-12-23 21:13:53.025,-0.21, 0.36, -0.28
2023-12-23 21:13:53.033,-0.23, 0.46, -0.11
2023-12-23 21:13:53.038,0.01, 0.48, -0.18
2023-12-23 21:13:53.046,-0.17, 0.85, -0.01
2023-12-23 21:13:53.054,-0.08, 1.00, -0.03
2023-12-23 21:13:53.063,-0.11, 0.97, 0.03
2023-12-23 21:13:53.071,0.15, 0.74, -0.07
2023-12-23 21:13:53.079,0.25, 0.54, -0.20
2023-12-23 21:13:53.087,0.43, -0.05, -0.43
2023-12-23 21:13:53.095,0.56, -0.28, -0.42
2023-12-23 21:13:53.103,0.36, -0.49, -0.16
2023-12-23 21:13:53.111,0.07, -0.33, 0.21
2023-12-23 21:13:53.119,0.06, -0.22, 0.14
2023-12-23 21:13:53.128,-0.09, -0.21, 0.14
2023-12-23 21:13:53.136,-0.08, -0.13, 0.09
2023-12-23 21:13:53.144,-0.11, 0.09, 0.17
2023-12-23 21:13:53.152,-0.06, 0.04, 0.11
2023-12-23 21:13:53.160,0.03, 0.03, 0.07
2023-12-23 21:13:53.169,0.07, -0.08, 0.02
2023-12-23 21:13:53.178,0.06, -0.28, -0.05
2023-12-23 21:13:53.186,0.06, -0.37, -0.07
2023-12-23 21:13:53.193,0.08, -0.50, -0.18
2023-12-23 21:13:53.201,0.12, -0.53, -0.23
2023-12-23 21:13:53.209,0.12, -0.50, -0.30
2023-12-23 21:13:53.218,0.10, -0.30, -0.37
2023-12-23 21:13:53.226,0.06, -0.20, -0.46
2023-12-23 21:13:53.234,0.01, 0.34, -0.48
2023-12-23 21:13:53.238,-0.05, 0.96, -0.75
2023-12-23 21:13:53.247,-0.09, 0.91, -1.08
2023-12-23 21:13:53.255,-0.27, 1.55, -1.03
2023-12-23 21:13:53.263,-0.20, 2.14, -0.89
2023-12-23 21:13:53.275,-0.55, 2.25, -1.08
2023-12-23 21:13:53.282,-0.49, 2.29, -0.82
2023-12-23 21:13:53.288,-0.68, 2.03, -0.81
2023-12-23 21:13:53.297,-0.34, 1.66, -0.84
2023-12-23 21:13:53.304,-0.27, 1.42, -0.67
2023-12-23 21:13:53.312,-0.02, 1.12, -0.52
2023-12-23 21:13:53.320,-0.07, 0.97, -0.44
2023-12-23 21:13:53.328,-0.12, 0.93, -0.50
2023-12-23 21:13:53.339,-0.16, 1.06, -0.54
2023-12-23 21:13:53.345,-0.23, 1.16, -0.57
2023-12-23 21:13:53.353,-0.15, 1.47, -0.81
2023-12-23 21:13:53.361,-0.23, 1.86, -1.00
2023-12-23 21:13:53.371,-0.22, 2.09, -1.07
2023-12-23 21:13:53.380,-0.27, 2.43, -1.07
2023-12-23 21:13:53.386,-0.28, 2.65, -0.98
2023-12-23 21:13:53.394,-0.27, 2.61, -1.19
2023-12-23 21:13:53.402,-0.07, 2.07, -1.21
2023-12-23 21:13:53.410,0.03, 1.71, -1.28
2023-12-23 21:13:53.418,0.09, 1.36, -1.05
2023-12-23 21:13:53.427,0.11, 1.25, -0.96
2023-12-23 21:13:53.435,0.15, 1.34, -0.80
2023-12-23 21:13:53.439,0.03, 1.72, -0.78
2023-12-23 21:13:53.447,-0.04, 1.97, -0.70
2023-12-23 21:13:53.455,-0.16, 2.33, -0.68
2023-12-23 21:13:53.464,-0.22, 2.39, -0.71
2023-12-23 21:13:53.475,-0.26, 2.18, -0.89
2023-12-23 21:13:53.480,-0.24, 1.68, -1.12
2023-12-23 21:13:53.488,-0.20, 1.42, -1.20
2023-12-23 21:13:53.497,-0.31, 0.67, -1.30
2023-12-23 21:13:53.504,-0.18, 0.47, -1.26
2023-12-23 21:13:53.513,-0.30, 0.31, -0.97
2023-12-23 21:13:53.521,-0.42, 0.60, -0.49
2023-12-23 21:13:53.530,-0.43, 0.75, -0.30
2023-12-23 21:13:53.537,-0.41, 0.77, -0.11
2023-12-23 21:13:53.545,-0.24, 0.52, -0.09
2023-12-23 21:13:53.554,-0.18, 0.34, -0.14
2023-12-23 21:13:53.562,0.07, 0.16, -0.23
2023-12-23 21:13:53.570,0.08, 0.11, -0.34
2023-12-23 21:13:53.578,-0.05, 0.12, -0.38
2023-12-23 21:13:53.586,-0.06, 0.13, -0.20
2023-12-23 21:13:53.596,-0.06, 0.08, -0.14
2023-12-23 21:13:53.603,-0.03, 0.09, 0.05
2023-12-23 21:13:53.611,-0.08, 0.02, 0.11
2023-12-23 21:13:53.619,-0.01, -0.05, 0.19
2023-12-23 21:13:53.628,0.04, 0.01, 0.29
2023-12-23 21:13:53.633,0.06, 0.06, 0.27
2023-12-23 21:13:53.640,0.07, 0.09, 0.23
2023-12-23 21:13:53.652,0.10, 0.12, 0.25
2023-12-23 21:13:53.660,0.11, 0.13, 0.26
2023-12-23 21:13:53.668,0.16, 0.15, 0.31
2023-12-23 21:13:53.672,0.19, 0.10, 0.29
2023-12-23 21:13:53.681,0.25, -0.08, 0.20
2023-12-23 21:13:53.689,0.22, -0.15, 0.21
2023-12-23 21:13:53.697,0.23, -0.30, 0.12
2023-12-23 21:13:53.705,0.18, -0.54, 0.03
2023-12-23 21:13:53.714,0.11, -0.53, 0.06
2023-12-23 21:13:53.721,0.00, -0.46, 0.07
2023-12-23 21:13:53.730,-0.00, -0.41, 0.03
2023-12-23 21:13:53.738,0.02, -0.31, -0.17
2023-12-23 21:13:53.747,-0.05, -0.27, -0.51
2023-12-23 21:13:53.754,-0.16, -0.28, -0.61
2023-12-23 21:13:53.764,-0.15, 0.33, -0.60
2023-12-23 21:13:53.771,-0.34, 0.74, -1.05
2023-12-23 21:13:53.780,-0.68, 1.20, -0.96
2023-12-23 21:13:53.787,-0.77, 2.20, -1.05
2023-12-23 21:13:53.796,-0.49, 2.70, -1.40
2023-12-23 21:13:53.803,-1.15, 3.21, -1.28
2023-12-23 21:13:53.812,-0.57, 3.31, -1.11
2023-12-23 21:13:53.820,-0.73, 3.09, -0.93
2023-12-23 21:13:53.828,-0.33, 1.92, -1.23
2023-12-23 21:13:53.836,-0.18, 1.11, -1.03
2023-12-23 21:13:53.844,-0.23, 0.98, -0.79
2023-12-23 21:13:53.852,-0.04, 1.18, -0.35
2023-12-23 21:13:53.861,-0.03, 1.18, -0.28
2023-12-23 21:13:53.869,0.03, 0.72, -0.42
2023-12-23 21:13:53.873,-0.14, 0.87, -0.45
2023-12-23 21:13:53.881,-0.18, 1.00, -0.50
2023-12-23 21:13:53.893,-0.31, 1.42, -0.68
2023-12-23 21:13:53.902,-0.37, 1.64, -0.83
2023-12-23 21:13:53.910,-0.44, 2.07, -0.99
2023-12-23 21:13:53.914,-0.42, 2.39, -0.98
2023-12-23 21:13:53.922,-0.39, 2.44, -0.99
2023-12-23 21:13:53.931,-0.43, 2.33, -0.97
2023-12-23 21:13:53.939,-0.41, 2.19, -0.95
2023-12-23 21:13:53.947,-0.24, 1.90, -0.94
2023-12-23 21:13:53.955,-0.21, 1.79, -0.75
2023-12-23 21:13:53.964,-0.20, 1.77, -0.72
2023-12-23 21:13:53.971,-0.13, 1.77, -0.65
2023-12-23 21:13:53.981,-0.13, 1.77, -0.63
2023-12-23 21:13:53.989,-0.13, 1.55, -0.72
2023-12-23 21:13:53.997,-0.00, 1.33, -0.86
2023-12-23 21:13:54.005,-0.06, 1.22, -0.91
2023-12-23 21:13:54.014,-0.26, 1.09, -0.82
2023-12-23 21:13:54.021,-0.30, 1.06, -0.86
2023-12-23 21:13:54.032,-0.09, 0.56, -1.10
2023-12-23 21:13:54.037,-0.16, 0.31, -0.81
2023-12-23 21:13:54.045,-0.19, 0.41, -0.56
2023-12-23 21:13:54.053,-0.21, 0.56, -0.20
2023-12-23 21:13:54.062,-0.11, 0.58, -0.15
2023-12-23 21:13:54.070,-0.13, 0.60, -0.08
2023-12-23 21:13:54.078,-0.04, 0.48, -0.19
2023-12-23 21:13:54.086,-0.02, 0.35, -0.30
2023-12-23 21:13:54.094,-0.17, -0.04, -0.37
2023-12-23 21:13:54.103,-0.09, -0.38, -0.35
2023-12-23 21:13:54.111,-0.14, -0.36, -0.11
2023-12-23 21:13:54.115,-0.08, -0.14, 0.19
2023-12-23 21:13:54.123,-0.30, -0.07, 0.43
2023-12-23 21:13:54.132,-0.34, 0.02, 0.46
2023-12-23 21:13:54.139,-0.32, 0.23, 0.43
2023-12-23 21:13:54.148,-0.26, 0.27, 0.40
2023-12-23 21:13:54.156,-0.10, 0.19, 0.31
2023-12-23 21:13:54.164,-0.09, 0.16, 0.31
2023-12-23 21:13:54.172,-0.01, 0.14, 0.31
2023-12-23 21:13:54.181,0.06, 0.12, 0.30
2023-12-23 21:13:54.188,0.06, 0.08, 0.29
2023-12-23 21:13:54.197,0.07, 0.07, 0.36
2023-12-23 21:13:54.205,0.08, 0.03, 0.35
2023-12-23 21:13:54.214,0.19, -0.23, 0.16
2023-12-23 21:13:54.221,0.28, -0.46, -0.02
2023-12-23 21:13:54.230,0.26, -0.50, -0.08
2023-12-23 21:13:54.238,0.19, -0.46, -0.16
2023-12-23 21:13:54.249,0.27, -0.39, -0.27
2023-12-23 21:13:54.255,0.07, -0.33, -0.47
2023-12-23 21:13:54.266,-0.18, -0.20, -0.56
2023-12-23 21:13:54.271,-0.30, -0.09, -0.64
2023-12-23 21:13:54.280,-0.31, 0.41, -0.80
2023-12-23 21:13:54.287,-0.32, 0.61, -0.97
2023-12-23 21:13:54.295,-0.55, 1.03, -1.19
2023-12-23 21:13:54.303,-0.21, 2.13, -1.38
2023-12-23 21:13:54.312,-0.21, 2.79, -1.44
2023-12-23 21:13:54.317,-0.58, 3.36, -1.50
2023-12-23 21:13:54.324,-0.34, 3.50, -1.36
2023-12-23 21:13:54.332,-0.50, 3.28, -1.28
2023-12-23 21:13:54.344,-0.37, 2.56, -1.31
2023-12-23 21:13:54.350,-0.32, 1.78, -0.96
2023-12-23 21:13:54.357,-0.11, 1.44, -0.75
2023-12-23 21:13:54.365,0.12, 0.96, -0.43
2023-12-23 21:13:54.373,0.16, 0.59, -0.46
2023-12-23 21:13:54.381,0.10, 0.62, -0.32
2023-12-23 21:13:54.389,0.12, 0.85, -0.54
2023-12-23 21:13:54.397,0.12, 1.11, -0.58
2023-12-23 21:13:54.406,0.04, 1.74, -0.75
2023-12-23 21:13:54.414,0.10, 2.09, -0.87
2023-12-23 21:13:54.422,0.03, 2.66, -0.94
2023-12-23 21:13:54.432,-0.12, 3.10, -0.84
2023-12-23 21:13:54.439,-0.14, 3.11, -0.85
2023-12-23 21:13:54.449,-0.20, 2.72, -1.05
2023-12-23 21:13:54.456,-0.12, 2.37, -1.11
2023-12-23 21:13:54.465,0.20, 1.23, -1.79
2023-12-23 21:13:54.471,0.12, 0.61, -1.44
2023-12-23 21:13:54.480,0.01, 0.68, -1.04
2023-12-23 21:13:54.487,-0.19, 0.92, -0.52
2023-12-23 21:13:54.498,-0.32, 1.08, -0.35
2023-12-23 21:13:54.504,-0.27, 1.31, -0.37
2023-12-23 21:13:54.509,-0.23, 1.49, -0.42
2023-12-23 21:13:54.517,-0.15, 1.44, -0.50
2023-12-23 21:13:54.525,-0.02, 1.18, -0.66
2023-12-23 21:13:54.537,0.07, 1.10, -0.71
2023-12-23 21:13:54.545,0.05, 0.83, -1.12
2023-12-23 21:13:54.551,-0.29, 0.04, -1.15
2023-12-23 21:13:54.558,-0.21, -0.17, -0.87
2023-12-23 21:13:54.565,-0.27, -0.17, -0.23
2023-12-23 21:13:54.574,-0.21, -0.08, -0.02
2023-12-23 21:13:54.582,-0.12, -0.05, 0.20
2023-12-23 21:13:54.590,-0.21, 0.14, 0.37
2023-12-23 21:13:54.599,-0.21, 0.31, 0.34
2023-12-23 21:13:54.606,-0.10, 0.51, 0.33
2023-12-23 21:13:54.615,0.01, 0.39, 0.28
2023-12-23 21:13:54.623,0.09, 0.29, 0.24
2023-12-23 21:13:54.631,0.08, -0.07, 0.04
2023-12-23 21:13:54.639,0.09, -0.20, 0.01
2023-12-23 21:13:54.647,-0.04, -0.17, 0.37
2023-12-23 21:13:54.655,-0.06, -0.02, 0.48
2023-12-23 21:13:54.664,-0.02, -0.04, 0.43
2023-12-23 21:13:54.672,-0.02, -0.05, 0.41
2023-12-23 21:13:54.680,0.07, -0.07, 0.35
2023-12-23 21:13:54.688,0.18, -0.25, 0.22
2023-12-23 21:13:54.697,0.20, -0.41, 0.21
2023-12-23 21:13:54.705,0.20, -0.40, 0.22
2023-12-23 21:13:54.713,0.25, -0.52, 0.02
2023-12-23 21:13:54.721,0.17, -0.60, 0.04
2023-12-23 21:13:54.730,0.05, -0.52, 0.01
2023-12-23 21:13:54.737,-0.06, -0.35, -0.03
2023-12-23 21:13:54.745,-0.05, -0.27, -0.20
2023-12-23 21:13:54.750,0.07, -0.31, -0.68
2023-12-23 21:13:54.757,-0.17, -0.18, -0.68
2023-12-23 21:13:54.765,-0.13, -0.00, -0.85
2023-12-23 21:13:54.773,-0.32, 0.44, -0.95
2023-12-23 21:13:54.782,-0.28, 0.86, -1.05
2023-12-23 21:13:54.790,-0.44, 1.69, -1.15
2023-12-23 21:13:54.799,-0.31, 2.02, -1.33
2023-12-23 21:13:54.806,-0.37, 2.69, -1.59
2023-12-23 21:13:54.815,-0.39, 3.12, -1.74
2023-12-23 21:13:54.823,-0.77, 3.08, -1.56
2023-12-23 21:13:54.831,-0.46, 3.12, -1.27
2023-12-23 21:13:54.840,-0.28, 2.83, -1.35
2023-12-23 21:13:54.847,-0.36, 2.12, -1.02
2023-12-23 21:13:54.855,-0.01, 1.31, -0.96
2023-12-23 21:13:54.865,0.05, 1.08, -0.83
2023-12-23 21:13:54.873,0.17, 0.89, -0.75
2023-12-23 21:13:54.880,0.13, 1.03, -0.84
2023-12-23 21:13:54.889,0.13, 1.24, -0.95
2023-12-23 21:13:54.897,0.10, 1.93, -0.99
2023-12-23 21:13:54.905,0.01, 2.21, -0.95
2023-12-23 21:13:54.914,-0.07, 2.59, -0.97
2023-12-23 21:13:54.922,-0.08, 2.64, -1.01
2023-12-23 21:13:54.930,-0.12, 2.59, -0.94
2023-12-23 21:13:54.938,-0.02, 2.44, -0.93
2023-12-23 21:13:54.942,-0.06, 2.14, -1.20
2023-12-23 21:13:54.951,0.09, 1.75, -1.63
2023-12-23 21:13:54.959,-0.04, 1.22, -1.48
2023-12-23 21:13:54.967,-0.21, 1.00, -1.41
2023-12-23 21:13:54.975,-0.21, 1.02, -1.02
2023-12-23 21:13:54.983,-0.23, 1.00, -0.75
2023-12-23 21:13:54.992,-0.20, 1.00, -0.67
2023-12-23 21:13:55.000,-0.30, 1.05, -0.48
2023-12-23 21:13:55.008,-0.26, 1.09, -0.50
2023-12-23 21:13:55.016,-0.19, 1.10, -0.56
2023-12-23 21:13:55.024,-0.30, 0.90, -0.56
2023-12-23 21:13:55.033,-0.28, 0.74, -0.62
2023-12-23 21:13:55.040,-0.18, 0.43, -0.73
2023-12-23 21:13:55.049,-0.10, 0.16, -0.78
2023-12-23 21:13:55.057,-0.15, -0.36, -0.58
2023-12-23 21:13:55.065,-0.19, -0.34, -0.13
2023-12-23 21:13:55.073,-0.13, -0.26, 0.05
2023-12-23 21:13:55.082,-0.23, -0.16, 0.33
2023-12-23 21:13:55.090,-0.18, -0.08, 0.39
2023-12-23 21:13:55.098,-0.00, 0.05, 0.37
2023-12-23 21:13:55.106,0.02, 0.16, 0.44
2023-12-23 21:13:55.114,0.06, 0.19, 0.42
2023-12-23 21:13:55.123,0.10, 0.25, 0.36
2023-12-23 21:13:55.132,0.14, 0.25, 0.30
2023-12-23 21:13:55.140,0.16, 0.24, 0.25
2023-12-23 21:13:55.147,0.17, 0.19, 0.29
2023-12-23 21:13:55.155,0.19, 0.17, 0.27
2023-12-23 21:13:55.163,0.12, 0.13, 0.29
2023-12-23 21:13:55.172,0.16, 0.07, 0.21
2023-12-23 21:13:55.180,0.13, 0.03, 0.19
2023-12-23 21:13:55.184,0.17, -0.13, 0.02
2023-12-23 21:13:55.192,0.18, -0.23, -0.03
2023-12-23 21:13:55.200,0.14, -0.27, 0.08
2023-12-23 21:13:55.208,0.03, -0.21, 0.15
2023-12-23 21:13:55.216,0.08, -0.23, 0.06
2023-12-23 21:13:55.225,0.06, -0.34, -0.21
2023-12-23 21:13:55.233,0.01, -0.29, -0.22
2023-12-23 21:13:55.241,-0.16, -0.21, -0.25
2023-12-23 21:13:55.249,0.05, -0.08, -0.57
2023-12-23 21:13:55.257,0.13, 0.03, -0.68
2023-12-23 21:13:55.266,-0.36, 0.04, -0.84
2023-12-23 21:13:55.274,-0.39, 0.37, -0.75
2023-12-23 21:13:55.282,-0.33, 0.85, -0.88
2023-12-23 21:13:55.290,-0.64, 1.39, -1.11
2023-12-23 21:13:55.298,-0.47, 1.82, -1.17
2023-12-23 21:13:55.307,-0.32, 2.62, -1.17
2023-12-23 21:13:55.315,-0.40, 3.00, -1.10
2023-12-23 21:13:55.323,-0.09, 3.42, -1.51
2023-12-23 21:13:55.332,-0.33, 3.24, -1.39
2023-12-23 21:13:55.339,-0.22, 2.99, -1.26
2023-12-23 21:13:55.348,-0.16, 2.22, -1.25
2023-12-23 21:13:55.356,0.04, 1.82, -1.24
2023-12-23 21:13:55.363,0.13, 1.21, -0.96
2023-12-23 21:13:55.372,0.24, 0.88, -0.85
2023-12-23 21:13:55.382,0.21, 0.86, -0.82
2023-12-23 21:13:55.385,0.10, 1.02, -0.89
2023-12-23 21:13:55.393,0.00, 1.19, -0.92
2023-12-23 21:13:55.401,-0.03, 1.60, -0.94
2023-12-23 21:13:55.413,0.06, 2.09, -0.90
2023-12-23 21:13:55.421,0.03, 2.33, -0.88
2023-12-23 21:13:55.425,0.05, 2.69, -0.86
2023-12-23 21:13:55.434,0.00, 2.77, -0.84
2023-12-23 21:13:55.442,-0.04, 2.73, -0.82
2023-12-23 21:13:55.450,0.00, 2.30, -1.20
2023-12-23 21:13:55.458,0.13, 1.85, -1.55
2023-12-23 21:13:55.466,0.20, 0.95, -1.58
2023-12-23 21:13:55.475,-0.00, 0.52, -1.26
2023-12-23 21:13:55.483,-0.12, 0.30, -1.10
2023-12-23 21:13:55.491,-0.50, 0.32, -0.52
2023-12-23 21:13:55.499,-0.33, 0.52, -0.37
2023-12-23 21:13:55.507,-0.35, 0.65, -0.23
2023-12-23 21:13:55.515,-0.34, 0.85, -0.16
2023-12-23 21:13:55.523,-0.27, 1.00, -0.17
2023-12-23 21:13:55.531,-0.21, 1.21, -0.13
2023-12-23 21:13:55.539,0.07, 1.06, -0.27
2023-12-23 21:13:55.548,0.08, 0.71, -0.42
2023-12-23 21:13:55.557,0.15, 0.22, -0.55
2023-12-23 21:13:55.565,0.12, 0.07, -0.46
2023-12-23 21:13:55.574,0.18, -0.24, -0.35
2023-12-23 21:13:55.582,0.16, -0.34, -0.07
2023-12-23 21:13:55.589,0.11, -0.34, 0.10
2023-12-23 21:13:55.598,0.09, -0.29, 0.27
2023-12-23 21:13:55.606,0.05, -0.25, 0.35
2023-12-23 21:13:55.615,0.08, -0.19, 0.39
2023-12-23 21:13:55.622,0.11, -0.09, 0.38
2023-12-23 21:13:55.626,0.12, -0.07, 0.34
2023-12-23 21:13:55.635,0.16, -0.02, 0.31
2023-12-23 21:13:55.643,0.12, -0.01, 0.32
2023-12-23 21:13:55.651,0.12, -0.01, 0.27
2023-12-23 21:13:55.659,0.12, -0.05, 0.20
2023-12-23 21:13:55.667,0.10, -0.12, 0.12
2023-12-23 21:13:55.676,0.07, -0.32, -0.06
2023-12-23 21:13:55.684,0.06, -0.55, -0.26
