Timestamp (Unix),ax,ay,az,gx,gy,gz 
2023-12-24 18:52:00.276,0.65, -0.55, 0.51, -0.92, 1.34, 0.67
2023-12-24 18:52:00.285,0.66, -0.55, 0.51, -0.55, 0.85, 0.37
2023-12-24 18:52:00.289,0.66, -0.55, 0.52, 0.00, 0.00, 0.12
2023-12-24 18:52:00.292,0.66, -0.55, 0.52, -0.24, -0.85, 0.67
2023-12-24 18:52:00.294,0.66, -0.54, 0.52, -0.61, -1.16, 0.79
2023-12-24 18:52:00.297,0.66, -0.54, 0.52, -1.46, -1.28, 1.59
2023-12-24 18:52:00.299,0.66, -0.54, 0.51, -2.14, -0.61, 1.95
2023-12-24 18:52:00.302,0.65, -0.55, 0.52, -2.38, 0.79, 1.65
2023-12-24 18:52:00.304,0.65, -0.55, 0.52, -2.38, 1.71, 1.16
2023-12-24 18:52:00.306,0.65, -0.54, 0.51, -1.95, 2.01, 0.85
2023-12-24 18:52:00.308,0.64, -0.54, 0.52, -1.22, 1.65, 0.37
2023-12-24 18:52:00.309,0.65, -0.54, 0.52, -0.98, 0.61, -0.06
2023-12-24 18:52:00.311,0.65, -0.55, 0.52, -1.04, 0.00, 0.12
2023-12-24 18:52:00.312,0.65, -0.54, 0.53, -1.16, -0.61, 0.24
2023-12-24 18:52:00.313,0.66, -0.54, 0.53, -1.71, -0.79, 0.49
2023-12-24 18:52:00.319,0.67, -0.55, 0.53, -1.95, 0.24, 0.24
2023-12-24 18:52:00.320,0.66, -0.54, 0.52, -2.50, 1.10, 0.67
2023-12-24 18:52:00.321,0.65, -0.54, 0.51, -2.56, 1.71, 0.92
2023-12-24 18:52:00.322,0.65, -0.54, 0.51, -2.50, 1.83, 1.34
2023-12-24 18:52:00.322,0.64, -0.54, 0.51, -2.69, 1.65, 1.59
2023-12-24 18:52:00.323,0.64, -0.54, 0.51, -2.75, 1.34, 1.77
2023-12-24 18:52:00.323,0.63, -0.54, 0.50, -2.87, 0.79, 1.89
2023-12-24 18:52:00.324,0.63, -0.55, 0.49, -1.95, 1.22, 1.04
2023-12-24 18:52:00.325,0.63, -0.55, 0.49, -0.85, 1.46, 0.24
2023-12-24 18:52:00.326,0.64, -0.55, 0.50, 0.06, 1.40, -0.61
2023-12-24 18:52:00.327,0.64, -0.55, 0.50, 0.79, 1.10, -1.16
2023-12-24 18:52:00.327,0.66, -0.55, 0.50, 1.46, 0.73, -1.40
2023-12-24 18:52:00.328,0.66, -0.55, 0.50, 1.95, 0.85, -1.40
2023-12-24 18:52:00.329,0.67, -0.55, 0.52, 2.26, 1.53, -1.04
2023-12-24 18:52:00.329,0.67, -0.55, 0.52, 2.26, 1.89, -0.79
2023-12-24 18:52:00.330,0.66, -0.55, 0.52, 2.20, 2.81, -0.24
2023-12-24 18:52:00.331,0.67, -0.55, 0.52, 1.83, 3.66, -0.31
2023-12-24 18:52:00.333,0.67, -0.55, 0.52, 1.04, 3.60, 0.06
2023-12-24 18:52:00.334,0.67, -0.55, 0.52, 0.49, 2.93, 0.55
2023-12-24 18:52:00.334,0.67, -0.54, 0.51, 0.06, 2.20, 1.16
2023-12-24 18:52:00.335,0.67, -0.55, 0.50, -0.31, 1.77, 2.01
2023-12-24 18:52:00.336,0.66, -0.54, 0.50, -0.24, 1.89, 1.95
2023-12-24 18:52:00.336,0.65, -0.55, 0.49, 0.12, 2.14, 1.83
2023-12-24 18:52:00.337,0.65, -0.55, 0.49, 0.43, 2.14, 1.71
2023-12-24 18:52:00.338,0.65, -0.55, 0.50, 1.16, 1.77, 1.34
2023-12-24 18:52:00.338,0.66, -0.55, 0.50, 1.89, 1.34, 0.73
2023-12-24 18:52:00.339,0.67, -0.55, 0.51, 2.62, 1.10, 0.00
2023-12-24 18:52:00.339,0.68, -0.55, 0.51, 3.17, 1.59, -0.49
2023-12-24 18:52:00.340,0.68, -0.54, 0.51, 3.23, 2.14, -0.43
2023-12-24 18:52:00.341,0.68, -0.54, 0.52, 2.99, 2.20, -0.12
2023-12-24 18:52:00.341,0.69, -0.54, 0.52, 2.26, 2.44, 0.61
2023-12-24 18:52:00.342,0.68, -0.53, 0.52, 1.10, 3.05, 1.46
2023-12-24 18:52:00.342,0.67, -0.54, 0.51, 0.18, 3.48, 2.20
2023-12-24 18:52:00.343,0.66, -0.54, 0.51, 0.12, 3.23, 2.20
2023-12-24 18:52:00.344,0.65, -0.54, 0.51, 0.31, 2.87, 2.14
2023-12-24 18:52:00.344,0.65, -0.54, 0.51, 0.61, 1.77, 1.71
2023-12-24 18:52:00.345,0.64, -0.54, 0.52, 0.92, 0.61, 1.16
2023-12-24 18:52:00.345,0.64, -0.54, 0.53, 1.22, -0.31, 0.31
2023-12-24 18:52:00.347,0.63, -0.54, 0.54, 1.34, -0.79, -0.49
2023-12-24 18:52:00.347,0.63, -0.53, 0.55, 0.85, -1.46, -0.85
2023-12-24 18:52:00.348,0.64, -0.53, 0.54, -0.18, -1.83, -1.40
2023-12-24 18:52:00.351,0.65, -0.53, 0.55, 0.00, 0.49, -3.97
2023-12-24 18:52:00.351,0.65, -0.54, 0.54, -0.31, 0.73, -4.03
2023-12-24 18:52:00.352,0.67, -0.55, 0.54, -1.34, 0.67, -3.54
2023-12-24 18:52:00.353,0.67, -0.54, 0.54, -1.53, 2.38, -3.36
2023-12-24 18:52:00.353,0.66, -0.54, 0.53, -2.14, 1.83, -2.38
2023-12-24 18:52:00.354,0.65, -0.54, 0.52, -2.44, 1.59, -2.50
2023-12-24 18:52:00.355,0.68, -0.55, 0.51, -1.65, 2.14, -2.08
2023-12-24 18:52:00.356,0.66, -0.55, 0.51, -0.61, 2.38, -1.59
2023-12-24 18:52:00.356,0.68, -0.56, 0.51, -0.31, 1.28, -0.98
2023-12-24 18:52:00.357,0.67, -0.55, 0.51, 0.92, 2.26, -0.61
2023-12-24 18:52:00.358,0.67, -0.55, 0.51, 0.61, 1.10, 0.85
2023-12-24 18:52:00.358,0.68, -0.55, 0.51, 0.24, 0.31, 1.65
2023-12-24 18:52:00.359,0.68, -0.55, 0.52, 1.10, 1.40, 0.79
2023-12-24 18:52:00.360,0.68, -0.55, 0.52, 0.98, 1.16, 0.85
2023-12-24 18:52:00.360,0.69, -0.54, 0.52, 0.61, 0.92, 0.67
2023-12-24 18:52:00.361,0.70, -0.54, 0.52, 0.67, 0.31, 0.61
2023-12-24 18:52:00.361,0.72, -0.53, 0.52, 0.79, -0.73, 0.61
2023-12-24 18:52:00.362,0.73, -0.54, 0.53, 0.49, -1.95, 1.53
2023-12-24 18:52:00.363,0.74, -0.53, 0.53, 0.31, -1.83, 2.32
2023-12-24 18:52:00.363,0.74, -0.53, 0.52, -0.31, -1.46, 3.23
2023-12-24 18:52:00.364,0.73, -0.53, 0.51, -0.79, -0.67, 4.15
2023-12-24 18:52:00.365,0.71, -0.52, 0.50, -1.10, 0.06, 5.31
2023-12-24 18:52:00.368,0.70, -0.52, 0.50, -1.22, -0.18, 6.04
2023-12-24 18:52:00.368,0.69, -0.52, 0.49, -1.22, -1.40, 7.26
2023-12-24 18:52:00.369,0.67, -0.53, 0.50, -0.79, -2.32, 7.57
2023-12-24 18:52:00.370,0.66, -0.53, 0.50, -0.06, -3.42, 7.20
2023-12-24 18:52:00.370,0.65, -0.52, 0.49, 0.98, -4.46, 6.71
2023-12-24 18:52:00.371,0.64, -0.52, 0.49, 2.14, -4.21, 5.80
2023-12-24 18:52:00.372,0.64, -0.52, 0.50, 2.75, -3.17, 4.64
2023-12-24 18:52:00.372,0.64, -0.52, 0.50, 3.17, -2.32, 3.66
2023-12-24 18:52:00.373,0.64, -0.52, 0.50, 3.54, -2.56, 2.81
2023-12-24 18:52:00.373,0.64, -0.52, 0.51, 3.91, -2.38, 1.77
2023-12-24 18:52:00.374,0.63, -0.52, 0.52, 3.85, -2.56, 1.40
2023-12-24 18:52:00.375,0.64, -0.53, 0.53, 3.36, -3.36, 0.49
2023-12-24 18:52:00.375,0.63, -0.52, 0.52, 3.54, -3.23, -0.92
2023-12-24 18:52:00.376,0.68, -0.56, 0.52, 1.89, -4.21, 0.18
2023-12-24 18:52:00.377,0.66, -0.54, 0.53, 2.87, 0.67, -2.56
2023-12-24 18:52:00.377,0.65, -0.54, 0.53, 0.61, -1.10, -1.53
2023-12-24 18:52:00.378,0.66, -0.54, 0.53, -0.73, -1.71, -1.53
2023-12-24 18:52:00.379,0.63, -0.52, 0.53, -0.61, -0.61, -2.50
2023-12-24 18:52:00.379,0.65, -0.55, 0.53, -2.87, -4.21, -0.61
2023-12-24 18:52:00.380,0.65, -0.54, 0.53, -3.17, -3.97, -1.22
2023-12-24 18:52:00.381,0.65, -0.55, 0.53, -2.93, -2.50, -1.28
2023-12-24 18:52:00.382,0.64, -0.55, 0.53, -2.81, -1.40, -1.65
2023-12-24 18:52:00.384,0.65, -0.54, 0.52, -2.44, 0.24, -3.05
2023-12-24 18:52:00.384,0.64, -0.57, 0.52, -3.05, 5.19, -3.72
2023-12-24 18:52:00.385,0.63, -0.56, 0.56, -1.28, 5.98, -5.86
2023-12-24 18:52:00.386,0.66, -0.54, 0.55, -1.34, 5.25, -5.74
2023-12-24 18:52:00.386,0.67, -0.51, 0.53, -3.48, 5.00, -4.70
2023-12-24 18:52:00.387,0.66, -0.53, 0.55, -5.68, 5.86, -6.10
2023-12-24 18:52:00.388,0.67, -0.54, 0.56, -5.98, 4.52, -5.98
2023-12-24 18:52:00.388,0.67, -0.52, 0.54, -6.41, 3.30, -4.82
2023-12-24 18:52:00.389,0.67, -0.52, 0.53, -8.42, 2.87, -3.97
2023-12-24 18:52:00.390,0.68, -0.53, 0.53, -9.58, 2.87, -2.99
2023-12-24 18:52:00.390,0.70, -0.54, 0.51, -9.64, 3.54, -2.44
2023-12-24 18:52:00.391,0.70, -0.53, 0.50, -8.97, 5.19, -3.42
2023-12-24 18:52:00.391,0.71, -0.53, 0.50, -9.16, 5.43, -3.17
2023-12-24 18:52:00.392,0.70, -0.53, 0.49, -9.03, 4.39, -2.69
2023-12-24 18:52:00.393,0.71, -0.53, 0.49, -8.67, 2.81, -2.14
2023-12-24 18:52:00.394,0.71, -0.53, 0.48, -8.24, 1.65, -1.77
2023-12-24 18:52:00.394,0.70, -0.53, 0.48, -8.06, 0.98, -1.46
2023-12-24 18:52:00.395,0.70, -0.53, 0.47, -7.20, -0.37, -1.22
2023-12-24 18:52:00.396,0.71, -0.53, 0.47, -5.74, -0.73, -0.98
2023-12-24 18:52:00.396,0.71, -0.53, 0.48, -4.15, -0.31, -0.37
2023-12-24 18:52:00.397,0.71, -0.53, 0.48, -3.36, -0.31, 0.24
2023-12-24 18:52:00.398,0.70, -0.52, 0.47, -3.05, -0.85, 0.61
2023-12-24 18:52:00.400,0.70, -0.52, 0.47, -2.93, -2.08, 1.04
2023-12-24 18:52:00.400,0.70, -0.51, 0.47, -2.38, -3.30, 0.98
2023-12-24 18:52:00.401,0.71, -0.51, 0.48, -2.14, -4.03, 0.98
2023-12-24 18:52:00.402,0.70, -0.51, 0.48, -1.65, -4.64, 1.16
2023-12-24 18:52:00.402,0.70, -0.51, 0.47, -1.40, -5.19, 1.53
2023-12-24 18:52:00.403,0.69, -0.52, 0.47, -0.92, -5.25, 1.89
2023-12-24 18:52:00.403,0.69, -0.53, 0.48, 0.00, -4.88, 2.08
2023-12-24 18:52:00.404,0.70, -0.53, 0.48, 0.98, -3.97, 2.01
2023-12-24 18:52:00.405,0.70, -0.54, 0.48, 1.77, -2.62, 1.10
2023-12-24 18:52:00.405,0.69, -0.53, 0.48, 2.01, -2.01, 0.98
2023-12-24 18:52:00.406,0.69, -0.53, 0.49, 1.77, -2.62, 1.22
2023-12-24 18:52:00.407,0.68, -0.53, 0.49, 1.34, -3.54, 1.46
2023-12-24 18:52:00.407,0.68, -0.53, 0.49, 1.04, -4.09, 1.46
2023-12-24 18:52:00.408,0.68, -0.53, 0.49, 0.37, -5.49, 1.65
2023-12-24 18:52:00.409,0.68, -0.54, 0.49, 0.55, -5.62, 1.46
2023-12-24 18:52:00.409,0.70, -0.54, 0.49, 1.22, -4.64, 0.79
2023-12-24 18:52:00.410,0.69, -0.54, 0.50, 1.65, -3.48, 0.24
2023-12-24 18:52:00.411,0.69, -0.54, 0.51, 1.28, -3.42, 0.12
2023-12-24 18:52:00.411,0.68, -0.54, 0.51, 0.37, -3.54, 0.12
2023-12-24 18:52:00.412,0.67, -0.54, 0.50, -1.04, -4.64, 0.49
2023-12-24 18:52:00.412,0.67, -0.54, 0.50, -1.71, -5.31, 0.79
2023-12-24 18:52:00.413,0.67, -0.54, 0.49, -2.32, -6.41, 1.16
2023-12-24 18:52:00.414,0.68, -0.54, 0.49, -2.26, -6.53, 0.92
2023-12-24 18:52:00.414,0.69, -0.54, 0.50, -1.77, -5.19, 0.12
2023-12-24 18:52:00.416,0.69, -0.54, 0.50, -1.34, -3.54, -0.73
2023-12-24 18:52:00.417,0.69, -0.54, 0.50, -1.65, -2.93, -1.34
2023-12-24 18:52:00.418,0.69, -0.54, 0.50, -2.01, -2.99, -1.59
2023-12-24 18:52:00.418,0.70, -0.54, 0.50, -2.75, -3.78, -1.34
2023-12-24 18:52:00.419,0.71, -0.55, 0.49, -2.99, -3.97, -1.04
2023-12-24 18:52:00.420,0.71, -0.55, 0.49, -2.81, -3.11, -1.10
2023-12-24 18:52:00.420,0.71, -0.54, 0.49, -2.93, -2.81, -0.98
2023-12-24 18:52:00.421,0.71, -0.54, 0.49, -3.48, -2.14, -0.55
2023-12-24 18:52:00.421,0.70, -0.53, 0.48, -4.27, -1.83, 0.12
2023-12-24 18:52:00.422,0.71, -0.53, 0.47, -4.88, -1.95, 0.43
2023-12-24 18:52:00.423,0.72, -0.54, 0.47, -5.19, -2.08, 0.55
2023-12-24 18:52:00.424,0.72, -0.54, 0.46, -5.19, -2.38, 0.92
2023-12-24 18:52:00.425,0.71, -0.53, 0.46, -5.62, -3.36, 1.65
2023-12-24 18:52:00.426,0.72, -0.54, 0.44, -5.55, -4.03, 2.75
2023-12-24 18:52:00.426,0.72, -0.54, 0.44, -4.52, -3.66, 2.99
2023-12-24 18:52:00.427,0.72, -0.54, 0.44, -2.62, -2.44, 3.30
2023-12-24 18:52:00.428,0.71, -0.53, 0.45, -1.28, -1.46, 2.75
2023-12-24 18:52:00.428,0.71, -0.53, 0.46, -0.73, -1.77, 2.62
2023-12-24 18:52:00.429,0.70, -0.53, 0.46, -0.73, -2.62, 2.75
2023-12-24 18:52:00.430,0.70, -0.53, 0.46, -1.22, -3.72, 3.11
2023-12-24 18:52:00.430,0.71, -0.53, 0.45, -1.40, -4.09, 3.54
2023-12-24 18:52:00.431,0.71, -0.53, 0.45, -1.34, -3.78, 4.03
2023-12-24 18:52:00.433,0.71, -0.53, 0.45, -1.04, -2.75, 3.97
2023-12-24 18:52:00.434,0.71, -0.53, 0.46, -0.85, -2.14, 3.85
2023-12-24 18:52:00.434,0.71, -0.53, 0.46, -0.73, -1.28, 3.48
2023-12-24 18:52:00.435,0.71, -0.53, 0.47, -0.67, -1.10, 3.11
2023-12-24 18:52:00.435,0.71, -0.53, 0.46, -0.98, -1.22, 3.17
2023-12-24 18:52:00.436,0.70, -0.53, 0.46, -1.22, -1.16, 3.42
2023-12-24 18:52:00.437,0.70, -0.53, 0.45, -1.10, -0.79, 3.72
2023-12-24 18:52:00.437,0.70, -0.53, 0.45, -0.85, -0.18, 3.66
2023-12-24 18:52:00.438,0.69, -0.53, 0.45, -0.61, 0.37, 2.93
2023-12-24 18:52:00.439,0.69, -0.53, 0.45, -0.92, 0.12, 2.26
2023-12-24 18:52:00.440,0.69, -0.52, 0.45, -1.10, -0.73, 1.77
2023-12-24 18:52:00.440,0.69, -0.52, 0.45, -1.16, -1.46, 1.77
2023-12-24 18:52:00.441,0.69, -0.53, 0.45, -1.53, -2.56, 1.95
2023-12-24 18:52:00.441,0.70, -0.53, 0.45, -1.46, -2.81, 1.89
2023-12-24 18:52:00.442,0.70, -0.53, 0.45, -1.34, -2.14, 1.71
2023-12-24 18:52:00.443,0.70, -0.53, 0.45, -1.16, -0.98, 1.46
2023-12-24 18:52:00.443,0.71, -0.53, 0.45, -0.79, 0.12, 0.92
2023-12-24 18:52:00.444,0.70, -0.53, 0.46, -0.67, 0.79, 0.37
2023-12-24 18:52:00.445,0.70, -0.53, 0.46, -0.85, 0.67, 0.24
2023-12-24 18:52:00.445,0.69, -0.53, 0.46, -1.40, -0.12, 0.37
2023-12-24 18:52:00.446,0.69, -0.53, 0.46, -1.77, -0.61, 0.37
2023-12-24 18:52:00.447,0.69, -0.53, 0.46, -2.38, -1.04, 0.43
2023-12-24 18:52:00.447,0.70, -0.54, 0.45, -3.30, -1.46, 0.37
2023-12-24 18:52:00.449,0.69, -0.52, 0.45, -3.05, 0.06, -0.92
2023-12-24 18:52:00.450,0.74, -0.56, 0.43, -3.91, -0.85, -0.37
2023-12-24 18:52:00.451,0.71, -0.52, 0.44, -2.20, 1.95, -2.26
2023-12-24 18:52:00.452,0.74, -0.54, 0.44, -2.62, -0.49, -1.95
2023-12-24 18:52:00.453,0.75, -0.54, 0.44, -1.77, 0.18, -2.93
2023-12-24 18:52:00.454,0.74, -0.53, 0.44, -2.08, -0.73, -1.89
2023-12-24 18:52:00.456,0.75, -0.54, 0.42, -2.75, -1.59, -0.73
2023-12-24 18:52:00.457,0.73, -0.54, 0.43, -1.65, 0.92, -0.92
2023-12-24 18:52:00.458,0.73, -0.54, 0.43, -1.65, 0.98, -0.18
2023-12-24 18:52:00.459,0.71, -0.53, 0.44, -1.22, 1.77, -0.18
2023-12-24 18:52:00.460,0.70, -0.54, 0.44, -1.34, 0.92, 0.67
2023-12-24 18:52:00.461,0.69, -0.53, 0.44, -1.65, 0.31, 0.79
2023-12-24 18:52:00.462,0.69, -0.53, 0.43, -2.26, -1.34, 1.22
2023-12-24 18:52:00.463,0.70, -0.53, 0.43, -1.83, -1.34, 0.49
2023-12-24 18:52:00.464,0.71, -0.54, 0.44, -1.65, -1.71, 0.37
2023-12-24 18:52:00.466,0.72, -0.54, 0.44, -1.22, -0.85, -0.12
2023-12-24 18:52:00.467,0.72, -0.53, 0.44, -1.22, 0.00, 0.06
2023-12-24 18:52:00.468,0.72, -0.53, 0.44, -1.22, 0.61, -0.06
2023-12-24 18:52:00.468,0.73, -0.53, 0.44, -1.22, 1.34, -0.12
2023-12-24 18:52:00.469,0.73, -0.53, 0.44, -0.98, 1.83, -0.18
2023-12-24 18:52:00.470,0.73, -0.52, 0.44, -0.79, 2.26, -0.12
2023-12-24 18:52:00.470,0.73, -0.52, 0.44, -1.10, 2.01, 0.31
2023-12-24 18:52:00.471,0.73, -0.52, 0.45, -1.10, 1.83, 0.12
2023-12-24 18:52:00.472,0.73, -0.52, 0.45, -1.04, 1.65, 0.24
2023-12-24 18:52:00.472,0.72, -0.52, 0.45, -1.10, 1.71, -0.06
2023-12-24 18:52:00.473,0.71, -0.52, 0.45, -1.46, 0.85, -0.18
2023-12-24 18:52:00.473,0.71, -0.52, 0.45, -1.95, 0.12, -0.49
2023-12-24 18:52:00.474,0.71, -0.52, 0.45, -2.20, -0.37, -0.67
2023-12-24 18:52:00.475,0.71, -0.52, 0.45, -2.81, -1.22, -1.34
2023-12-24 18:52:00.475,0.72, -0.52, 0.45, -3.30, -2.14, -2.01
2023-12-24 18:52:00.476,0.73, -0.53, 0.44, -3.78, -2.99, -2.75
2023-12-24 18:52:00.477,0.73, -0.53, 0.44, -3.78, -2.87, -3.36
2023-12-24 18:52:00.477,0.74, -0.53, 0.44, -3.97, -2.50, -3.85
2023-12-24 18:52:00.478,0.74, -0.53, 0.43, -3.91, -2.14, -4.33
2023-12-24 18:52:00.479,0.75, -0.54, 0.44, -3.48, -2.01, -4.88
2023-12-24 18:52:00.479,0.75, -0.53, 0.43, -3.48, -1.53, -4.94
2023-12-24 18:52:00.480,0.76, -0.53, 0.43, -3.97, -1.83, -4.70
2023-12-24 18:52:00.481,0.76, -0.54, 0.43, -4.27, -2.14, -4.52
2023-12-24 18:52:00.483,0.76, -0.54, 0.43, -4.33, -2.56, -4.21
2023-12-24 18:52:00.483,0.77, -0.54, 0.43, -4.27, -3.48, -3.85
2023-12-24 18:52:00.484,0.77, -0.54, 0.43, -4.09, -4.27, -3.42
2023-12-24 18:52:00.485,0.77, -0.54, 0.43, -3.97, -5.19, -2.75
2023-12-24 18:52:00.485,0.77, -0.54, 0.43, -3.66, -5.74, -2.20
2023-12-24 18:52:00.486,0.77, -0.54, 0.43, -3.30, -5.74, -1.65
2023-12-24 18:52:00.487,0.77, -0.54, 0.43, -3.11, -5.68, -1.04
2023-12-24 18:52:00.488,0.76, -0.53, 0.43, -3.17, -5.74, -0.61
2023-12-24 18:52:00.488,0.76, -0.53, 0.42, -3.48, -6.04, 0.18
2023-12-24 18:52:00.489,0.75, -0.53, 0.41, -3.54, -6.16, 1.53
2023-12-24 18:52:00.489,0.74, -0.53, 0.40, -3.05, -5.92, 2.44
2023-12-24 18:52:00.490,0.73, -0.53, 0.40, -2.01, -5.19, 2.75
2023-12-24 18:52:00.491,0.72, -0.53, 0.41, -0.73, -4.39, 2.20
2023-12-24 18:52:00.491,0.72, -0.53, 0.42, 0.24, -4.94, 1.65
2023-12-24 18:52:00.492,0.71, -0.52, 0.42, 0.67, -6.04, 1.65
2023-12-24 18:52:00.492,0.71, -0.52, 0.43, 0.61, -7.45, 1.95
2023-12-24 18:52:00.493,0.71, -0.53, 0.43, 0.31, -8.30, 2.50
2023-12-24 18:52:00.494,0.71, -0.52, 0.43, 0.18, -7.87, 2.87
2023-12-24 18:52:00.494,0.71, -0.52, 0.43, 0.12, -7.57, 3.11
2023-12-24 18:52:00.495,0.71, -0.52, 0.43, 0.18, -6.04, 3.54
2023-12-24 18:52:00.496,0.71, -0.52, 0.43, 0.61, -4.09, 3.54
2023-12-24 18:52:00.496,0.71, -0.53, 0.43, 1.40, -2.38, 3.42
2023-12-24 18:52:00.497,0.70, -0.53, 0.44, 2.08, -1.04, 2.87
2023-12-24 18:52:00.498,0.70, -0.52, 0.45, 2.50, -1.28, 2.14
2023-12-24 18:52:00.500,0.70, -0.52, 0.46, 2.38, -2.26, 1.77
2023-12-24 18:52:00.501,0.71, -0.52, 0.46, 1.65, -3.17, 1.59
2023-12-24 18:52:00.501,0.72, -0.52, 0.46, 1.22, -3.48, 1.53
2023-12-24 18:52:00.502,0.72, -0.51, 0.44, 0.31, -3.11, 1.71
2023-12-24 18:52:00.503,0.72, -0.51, 0.44, 0.31, -1.53, 1.83
2023-12-24 18:52:00.503,0.73, -0.52, 0.44, 0.37, 0.43, 1.40
2023-12-24 18:52:00.504,0.74, -0.52, 0.44, -0.24, 2.56, 0.79
2023-12-24 18:52:00.505,0.74, -0.51, 0.43, -1.53, 3.54, 0.67
2023-12-24 18:52:00.505,0.73, -0.52, 0.42, -2.81, 3.78, 0.37
2023-12-24 18:52:00.506,0.73, -0.52, 0.41, -3.17, 3.66, 0.18
2023-12-24 18:52:00.507,0.73, -0.52, 0.41, -3.11, 2.75, 0.24
2023-12-24 18:52:00.507,0.74, -0.53, 0.41, -3.05, 1.89, -0.06
2023-12-24 18:52:00.508,0.75, -0.53, 0.40, -2.87, 1.59, -0.37
2023-12-24 18:52:00.509,0.75, -0.53, 0.40, -2.56, 1.53, -0.67
2023-12-24 18:52:00.509,0.75, -0.53, 0.40, -2.44, 1.53, -0.92
2023-12-24 18:52:00.510,0.75, -0.53, 0.39, -2.56, 1.46, -0.85
2023-12-24 18:52:00.511,0.74, -0.52, 0.38, -3.05, 1.16, -0.67
2023-12-24 18:52:00.511,0.75, -0.53, 0.38, -3.42, 0.61, -0.55
2023-12-24 18:52:00.512,0.76, -0.53, 0.39, -3.23, 0.98, -0.85
2023-12-24 18:52:00.512,0.76, -0.53, 0.39, -2.93, 1.04, -1.40
2023-12-24 18:52:00.513,0.77, -0.53, 0.39, -2.93, 1.10, -1.40
2023-12-24 18:52:00.514,0.77, -0.53, 0.40, -2.99, 1.53, -0.92
2023-12-24 18:52:00.514,0.76, -0.52, 0.39, -3.23, 1.83, -0.61
2023-12-24 18:52:00.516,0.76, -0.52, 0.40, -4.21, 2.26, -0.24
2023-12-24 18:52:00.517,0.76, -0.52, 0.38, -5.19, 1.83, 0.67
2023-12-24 18:52:00.518,0.76, -0.51, 0.37, -5.19, 1.83, 1.28
2023-12-24 18:52:00.518,0.76, -0.52, 0.37, -4.58, 1.95, 2.01
2023-12-24 18:52:00.519,0.77, -0.52, 0.37, -3.72, 2.32, 2.44
2023-12-24 18:52:00.520,0.78, -0.52, 0.37, -2.56, 3.48, 3.11
2023-12-24 18:52:00.520,0.78, -0.52, 0.37, -1.65, 5.07, 3.91
2023-12-24 18:52:00.521,0.77, -0.51, 0.37, -1.16, 6.71, 5.00
2023-12-24 18:52:00.521,0.76, -0.51, 0.37, -0.73, 7.93, 5.98
2023-12-24 18:52:00.522,0.75, -0.51, 0.37, -0.67, 8.30, 6.59
2023-12-24 18:52:00.523,0.74, -0.51, 0.37, -0.85, 8.79, 7.87
2023-12-24 18:52:00.523,0.73, -0.52, 0.36, -0.67, 9.09, 8.73
2023-12-24 18:52:00.524,0.71, -0.52, 0.37, -0.18, 9.52, 9.28
2023-12-24 18:52:00.525,0.71, -0.52, 0.37, 0.55, 10.19, 9.28
2023-12-24 18:52:00.525,0.70, -0.53, 0.38, 1.28, 10.74, 8.91
2023-12-24 18:52:00.526,0.70, -0.53, 0.38, 1.77, 11.11, 8.30
2023-12-24 18:52:00.526,0.70, -0.54, 0.38, 1.95, 11.47, 7.69
2023-12-24 18:52:00.527,0.70, -0.55, 0.38, 2.44, 12.15, 6.90
2023-12-24 18:52:00.527,0.70, -0.55, 0.39, 3.05, 12.57, 5.74
2023-12-24 18:52:00.527,0.70, -0.55, 0.39, 3.30, 12.57, 5.00
2023-12-24 18:52:00.528,0.69, -0.55, 0.40, 3.54, 12.21, 2.99
2023-12-24 18:52:00.529,0.71, -0.55, 0.41, 3.36, 10.99, 1.59
2023-12-24 18:52:00.529,0.73, -0.55, 0.41, 3.48, 10.80, 0.24
2023-12-24 18:52:00.530,0.76, -0.55, 0.43, 3.97, 11.17, -1.59
2023-12-24 18:52:00.532,0.77, -0.55, 0.43, 4.03, 12.33, -2.26
2023-12-24 18:52:00.533,0.77, -0.55, 0.44, 3.11, 13.61, -2.62
2023-12-24 18:52:00.534,0.77, -0.54, 0.45, 0.73, 14.53, -2.20
2023-12-24 18:52:00.534,0.76, -0.54, 0.44, -2.26, 15.26, -1.22
2023-12-24 18:52:00.535,0.76, -0.54, 0.43, -3.60, 15.63, -0.55
2023-12-24 18:52:00.536,0.75, -0.55, 0.42, -5.80, 16.11, 0.12
2023-12-24 18:52:00.536,0.74, -0.55, 0.41, -7.20, 16.36, 0.31
2023-12-24 18:52:00.537,0.74, -0.55, 0.41, -7.57, 15.20, 0.49
2023-12-24 18:52:00.538,0.74, -0.56, 0.40, -7.14, 13.61, 0.73
2023-12-24 18:52:00.538,0.75, -0.56, 0.41, -6.10, 12.57, 0.43
2023-12-24 18:52:00.539,0.75, -0.56, 0.42, -5.62, 11.90, 0.98
2023-12-24 18:52:00.540,0.74, -0.55, 0.41, -5.62, 11.29, 2.01
2023-12-24 18:52:00.540,0.74, -0.54, 0.42, -5.55, 11.11, 2.81
2023-12-24 18:52:00.541,0.75, -0.55, 0.42, -5.19, 12.08, 2.44
2023-12-24 18:52:00.541,0.76, -0.55, 0.42, -4.46, 13.85, 1.34
2023-12-24 18:52:00.542,0.76, -0.55, 0.42, -4.09, 15.01, 0.79
2023-12-24 18:52:00.543,0.75, -0.55, 0.43, -3.48, 15.63, 0.79
2023-12-24 18:52:00.543,0.75, -0.54, 0.43, -3.30, 15.56, 1.16
2023-12-24 18:52:00.544,0.73, -0.54, 0.44, -3.17, 15.26, 2.01
2023-12-24 18:52:00.545,044, -23.74, -5.37, 3.72
2023-12-24 18:52:00.545,0.65, -0.58, 0.41, -23.25, -4.21, 1.95
2023-12-24 18:52:00.545,10.50
2023-12-24 18:52:00.546,0.65, -0.62, 0.44, -26.25, -7.26, 7.93
2023-12-24 18:52:00.547,0.63, -0.57, 0.44, -23.74, -5.37, 3.72
2023-12-24 18:52:00.549,0.65, -0.58, 0.41, -23.25, -4.21, 1.95
2023-12-24 18:52:00.572,0.67, -0.60, 0.42, -21.79, -0.85, -1.22
2023-12-24 18:52:00.587,0.70, -0.55, 0.41, -21.06, 2.32, -1.71
2023-12-24 18:52:00.588,0.66, -0.63, 0.44, -21.85, 7.75, -4.88
2023-12-24 18:52:00.589,0.65, -0.58, 0.46, -18.80, 7.02, -9.40
2023-12-24 18:52:00.590,0.65, -0.58, 0.45, -21.36, 4.03, -7.81
2023-12-24 18:52:00.591,0.65, -0.58, 0.44, -22.09, -0.24, -5.37
2023-12-24 18:52:00.592,0.66, -0.58, 0.43, -22.77, -2.75, -2.81
2023-12-24 18:52:00.593,0.65, -0.58, 0.42, -22.71, -5.55, -2.26
2023-12-24 18:52:00.594,0.65, -0.60, 0.43, -22.03, -8.06, -3.54
2023-12-24 18:52:00.596,0.65, -0.60, 0.42, -20.94, -8.00, -6.41
2023-12-24 18:52:00.602,0.65, -0.58, 0.41, -21.30, -9.46, -7.75
2023-12-24 18:52:00.603,0.65, -0.59, 0.41, -22.03, -10.01, -7.69
2023-12-24 18:52:00.605,0.66, -0.61, 0.43, -23.38, -12.27, -6.90
2023-12-24 18:52:00.612,0.67, -0.59, 0.41, -25.09, -16.36, -3.42
2023-12-24 18:52:00.613,0.70, -0.61, 0.39, -27.59, -17.40, 1.71
2023-12-24 18:52:00.619,0.73, -0.62, 0.39, -28.02, -9.16, 2.08
2023-12-24 18:52:00.620,0.77, -0.65, 0.39, -28.32, 1.34, -3.11
2023-12-24 18:52:00.621,0.77, -0.66, 0.39, -29.17, 11.29, -9.77
2023-12-24 18:52:00.629,0.78, -0.64, 0.40, -32.47, 14.65, -15.81
2023-12-24 18:52:00.633,0.77, -0.63, 0.38, -38.39, 11.17, -16.17
2023-12-24 18:52:00.637,0.78, -0.65, 0.36, -43.64, 6.84, -14.10
2023-12-24 18:52:00.638,0.77, -0.63, 0.35, -45.90, 3.85, -12.39
2023-12-24 18:52:00.639,0.75, -0.62, 0.31, -47.24, 2.26, -10.13
2023-12-24 18:52:00.653,0.78, -0.65, 0.32, -51.70, 1.04, -2.08
2023-12-24 18:52:00.654,0.80, -0.72, 0.26, -50.60, 2.01, -0.12
2023-12-24 18:52:00.658,0.70, -0.54, 0.24, -45.96, 10.62, -7.75
2023-12-24 18:52:00.659,0.75, -0.57, 0.23, -49.80, 7.93, -3.11
2023-12-24 18:52:00.660,0.77, -0.59, 0.20, -46.69, 16.17, -3.54
2023-12-24 18:52:00.665,0.79, -0.60, 0.22, -53.83, 4.21, 6.10
2023-12-24 18:52:00.674,0.81, -0.54, 0.23, -61.28, -10.86, 21.85
2023-12-24 18:52:00.685,0.99, -0.55, 0.08, -70.86, -38.21, 47.85
2023-12-24 18:52:00.694,0.89, -0.68, 0.09, -65.61, -8.36, 26.86
2023-12-24 18:52:00.702,0.86, -0.68, 0.05, -57.86, 0.43, 22.58
2023-12-24 18:52:00.711,0.85, -0.66, 0.05, -53.65, 4.09, 19.17
2023-12-24 18:52:00.722,0.82, -0.64, 0.03, -47.85, 8.61, 14.04
2023-12-24 18:52:00.733,0.80, -0.65, -0.01, -41.50, 10.80, 12.21
2023-12-24 18:52:00.740,0.81, -0.65, -0.01, -32.84, 14.77, 7.14
2023-12-24 18:52:00.751,0.80, -0.64, -0.01, -23.93, 22.58, -0.24
2023-12-24 18:52:00.760,0.81, -0.63, 0.03, -18.13, 25.02, -8.06
2023-12-24 18:52:00.771,0.80, -0.62, 0.04, -15.14, 22.95, -14.53
2023-12-24 18:52:00.780,0.82, -0.58, 0.06, -15.20, 16.66, -19.47
2023-12-24 18:52:00.789,0.81, -0.58, 0.05, -18.43, 8.36, -15.63
2023-12-24 18:52:00.800,0.84, -0.58, 0.08, -21.18, 1.16, -12.39
2023-12-24 18:52:00.809,0.87, -0.62, 0.06, -25.21, -3.11, -5.92
2023-12-24 18:52:00.817,0.89, -0.62, 0.08, -22.22, -2.69, -6.53
2023-12-24 18:52:00.829,0.89, -0.61, 0.08, -18.80, -1.04, -5.92
2023-12-24 18:52:00.837,0.90, -0.62, 0.07, -17.64, -0.31, -4.82
2023-12-24 18:52:00.846,0.88, -0.61, 0.04, -14.47, 1.65, -1.95
2023-12-24 18:52:00.857,0.86, -0.61, 0.04, -10.74, 4.09, -3.17
2023-12-24 18:52:00.866,0.83, -0.59, 0.05, -6.10, 4.39, -6.65
2023-12-24 18:52:00.874,0.81, -0.59, 0.05, -4.27, 3.17, -9.46
2023-12-24 18:52:00.886,0.82, -0.56, 0.08, -5.55, 2.14, -16.78
2023-12-24 18:52:00.894,0.76, -0.55, 0.04, -6.04, 1.34, -24.48
2023-12-24 18:52:00.903,0.80, -0.57, 0.05, -9.40, -18.31, -14.53
2023-12-24 18:52:00.914,0.83, -0.55, 0.05, -11.47, -23.38, -11.54
2023-12-24 18:52:00.923,0.82, -0.56, 0.06, -13.73, -26.18, -6.84
2023-12-24 18:52:00.934,0.83, -0.57, 0.08, -15.75, -25.57, -5.92
2023-12-24 18:52:00.943,0.83, -0.56, 0.10, -15.87, -23.68, -4.64
2023-12-24 18:52:00.952,0.82, -0.56, 0.10, -16.11, -22.34, -0.06
2023-12-24 18:52:00.961,0.82, -0.58, 0.05, -18.19, -21.36, 1.53
2023-12-24 18:52:00.972,0.79, -0.57, 0.08, -22.09, -21.00, -1.95
2023-12-24 18:52:00.983,0.77, -0.52, 0.09, -21.73, -24.05, -7.93
2023-12-24 18:52:00.989,0.77, -0.54, 0.06, -30.15, -31.62, -2.50
2023-12-24 18:52:01.001,0.77, -0.54, 0.02, -36.62, -38.64, -2.26
2023-12-24 18:52:01.010,0.77, -0.55, -0.02, -38.57, -44.92, -4.03
2023-12-24 18:52:01.018,0.77, -0.54, -0.07, -34.55, -47.97, -4.76
2023-12-24 18:52:01.030,0.77, -0.53, -0.10, -27.34, -48.22, -5.80
2023-12-24 18:52:01.038,0.75, -0.52, -0.11, -22.03, -46.81, -5.25
2023-12-24 18:52:01.050,0.74, -0.55, -0.07, -16.54, -43.46, -2.75
2023-12-24 18:52:01.058,0.74, -0.57, -0.04, -7.32, -38.15, -4.64
2023-12-24 18:52:01.069,0.71, -0.58, 0.03, 0.98, -34.55, -5.00
2023-12-24 18:52:01.079,0.66, -0.56, 0.04, 2.99, -36.19, -4.27
2023-12-24 18:52:01.087,0.64, -0.57, 0.13, -7.81, -46.14, 6.35
2023-12-24 18:52:01.096,0.68, -0.62, 0.20, -7.26, -58.78, 17.46
2023-12-24 18:52:01.104,0.93, -0.70, 0.09, 3.97, -19.71, -1.59
2023-12-24 18:52:01.116,0.71, -0.68, 0.24, 10.07, 22.34, -34.55
2023-12-24 18:52:01.124,0.65, -0.61, 0.33, 5.49, 25.63, -32.23
2023-12-24 18:52:01.133,0.84, -0.70, 0.36, 3.05, 18.55, -20.75
2023-12-24 18:52:01.144,0.61, -0.66, 0.42, 9.83, 46.02, -31.37
2023-12-24 18:52:01.153,0.87, -0.58, 0.33, 18.98, 42.11, -16.36
2023-12-24 18:52:01.164,0.59, -0.68, 0.49, 13.67, 79.90, -28.87
2023-12-24 18:52:01.173,0.48, -0.64, 0.50, 5.98, 40.16, -9.03
2023-12-24 18:52:01.182,0.65, -0.79, 0.47, -21.06, 28.32, -15.93
2023-12-24 18:52:01.193,0.62, -1.04, 0.45, -16.66, 36.93, -35.40
2023-12-24 18:52:01.202,0.26, -0.33, 0.49, 8.79, 7.51, -103.21
2023-12-24 18:52:01.211,0.53, -0.62, 0.46, -41.32, -56.82, -21.42
2023-12-24 18:52:01.222,0.55, -0.81, 0.58, -38.64, -16.11, 19.90
2023-12-24 18:52:01.231,0.56, -0.87, 0.54, -22.16, -16.85, 31.31
2023-12-24 18:52:01.239,0.55, -0.84, 0.52, -16.54, -2.62, 25.15
2023-12-24 18:52:01.253,0.55, -0.87, 0.46, -15.75, 1.04, 19.78
2023-12-24 18:52:01.260,0.63, -0.89, 0.41, -12.63, 5.55, 15.20
2023-12-24 18:52:01.269,0.53, -0.91, 0.43, -9.46, 11.23, 11.90
2023-12-24 18:52:01.280,0.55, -0.90, 0.43, -5.37, 14.22, 10.25
2023-12-24 18:52:01.289,0.57, -0.91, 0.43, -3.91, 15.63, 9.40
2023-12-24 18:52:01.300,0.56, -0.91, 0.43, -3.17, 17.15, 9.34
2023-12-24 18:52:01.308,0.55, -0.92, 0.44, -3.05, 16.97, 8.48
2023-12-24 18:52:01.317,0.57, -0.91, 0.45, -3.17, 16.72, 7.81
2023-12-24 18:52:01.325,0.57, -0.90, 0.44, -4.21, 15.69, 7.69
2023-12-24 18:52:01.336,0.57, -0.88, 0.43, -7.69, 13.98, 7.39
2023-12-24 18:52:01.345,0.58, -0.88, 0.43, -11.35, 13.73, 5.49
2023-12-24 18:52:01.353,0.59, -0.85, 0.42, -13.43, 14.71, 3.17
2023-12-24 18:52:01.365,0.60, -0.84, 0.40, -15.50, 17.33, 2.01
2023-12-24 18:52:01.376,0.62, -0.82, 0.41, -16.60, 21.85, -0.79
2023-12-24 18:52:01.385,0.64, -0.79, 0.39, -17.88, 26.61, -1.40
2023-12-24 18:52:01.394,0.65, -0.75, 0.38, -21.48, 30.27, 2.26
2023-12-24 18:52:01.404,0.66, -0.75, 0.37, -22.83, 36.07, 6.53
2023-12-24 18:52:01.420,0.66, -0.73, 0.36, -23.19, 42.18, 5.49
2023-12-24 18:52:01.426,0.65, -0.73, 0.35, -23.44, 45.96, -0.98
2023-12-24 18:52:01.436,0.64, -0.71, 0.35, -23.44, 46.02, -5.80
2023-12-24 18:52:01.441,0.61, -0.69, 0.31, -23.68, 38.94, -9.77
2023-12-24 18:52:01.452,0.57, -0.67, 0.30, -21.42, 24.23, -8.00
2023-12-24 18:52:01.460,0.64, -0.67, 0.29, -18.43, 15.08, -5.19
2023-12-24 18:52:01.471,0.66, -0.66, 0.25, -14.95, 10.56, -1.71
2023-12-24 18:52:01.480,0.62, -0.64, 0.24, -11.54, 18.37, -2.75
2023-12-24 18:52:01.491,0.72, -0.65, 0.22, -8.12, 11.35, 4.70
2023-12-24 18:52:01.499,0.70, -0.63, 0.21, -7.45, 20.81, 2.93
2023-12-24 18:52:01.508,0.68, -0.63, 0.21, -6.90, 17.33, 10.01
2023-12-24 18:52:01.517,0.75, -0.64, 0.17, -4.82, 9.16, 12.57
2023-12-24 18:52:01.525,0.74, -0.65, 0.14, -3.54, 8.42, 12.51
2023-12-24 18:52:01.537,0.80, -0.60, 0.11, 0.24, 15.20, 6.71
2023-12-24 18:52:01.546,0.83, -0.62, 0.02, 4.46, 1.65, 9.03
2023-12-24 18:52:01.554,0.98, -0.63, -0.03, 24.23, 6.84, 9.52
2023-12-24 18:52:01.566,0.90, -0.51, -0.01, 37.66, 14.59, -7.45
2023-12-24 18:52:01.574,1.09, -0.67, 0.06, 33.26, 2.01, -9.64
2023-12-24 18:52:01.583,0.83, -0.68, 0.08, 48.46, -12.08, -21.67
2023-12-24 18:52:01.594,1.04, -0.61, 0.07, 84.53, -22.16, 5.86
2023-12-24 18:52:01.604,0.98, -0.53, -0.03, 88.44, -13.98, 2.08
2023-12-24 18:52:01.612,1.00, 0.17, -0.02, 52.31, -11.29, 17.03
2023-12-24 18:52:01.624,0.82, -0.56, -0.06, -19.47, -61.16, 66.28
2023-12-24 18:52:01.632,1.02, -0.54, -0.28, -15.01, -87.77, 82.70
2023-12-24 18:52:01.640,1.13, -0.59, -0.29, 9.28, -27.53, 45.96
2023-12-24 18:52:01.652,0.97, -0.51, -0.21, 22.71, 4.09, 23.56
2023-12-24 18:52:01.661,0.83, -0.38, -0.14, 29.66, 1.59, 20.69
2023-12-24 18:52:01.672,0.94, -0.37, -0.22, 12.39, -26.86, 34.48
2023-12-24 18:52:01.680,0.95, -0.40, -0.29, 0.98, -41.69, 39.67
2023-12-24 18:52:01.689,1.00, -0.46, -0.36, 3.17, -46.45, 37.90
2023-12-24 18:52:01.698,0.97, -0.44, -0.36, 13.31, -46.57, 30.27
2023-12-24 18:52:01.709,1.03, -0.51, -0.36, 17.58, -48.03, 29.85
2023-12-24 18:52:01.718,1.03, -0.49, -0.35, 18.86, -31.74, 18.01
2023-12-24 18:52:01.727,0.99, -0.48, -0.34, 13.67, -16.42, 8.30
2023-12-24 18:52:01.738,0.96, -0.47, -0.36, 8.67, -8.48, 4.09
2023-12-24 18:52:01.747,0.97, -0.48, -0.39, 8.30, -3.78, 1.04
2023-12-24 18:52:01.755,0.96, -0.48, -0.39, 9.95, -0.18, -1.46
2023-12-24 18:52:01.767,0.94, -0.49, -0.38, 14.59, 2.14, -4.94
2023-12-24 18:52:01.775,0.94, -0.50, -0.36, 18.19, 0.73, -7.39
2023-12-24 18:52:01.787,0.93, -0.51, -0.31, 21.00, -0.18, -10.50
2023-12-24 18:52:01.796,0.92, -0.53, -0.26, 20.20, -3.72, -11.11
2023-12-24 18:52:01.805,0.91, -0.54, -0.22, 17.40, -6.90, -10.01
2023-12-24 18:52:01.816,0.91, -0.56, -0.20, 14.95, -11.11, -6.59
2023-12-24 18:52:01.824,0.92, -0.57, -0.17, 14.95, -8.67, -5.00
2023-12-24 18:52:01.833,0.92, -0.59, -0.14, 15.50, -3.05, -7.14
2023-12-24 18:52:01.844,1.05, -0.64, -0.23, 17.76, 5.74, -10.38
2023-12-24 18:52:01.853,0.95, -0.59, -0.09, 23.13, 38.15, -31.31
2023-12-24 18:52:01.862,0.91, -0.56, -0.04, 25.45, 35.64, -29.36
2023-12-24 18:52:01.873,0.95, -0.60, -0.01, 24.72, 30.94, -21.55
2023-12-24 18:52:01.882,0.97, -0.64, 0.02, 26.98, 30.09, -15.93
2023-12-24 18:52:01.890,0.98, -0.69, 0.04, 32.41, 32.90, -22.58
2023-12-24 18:52:01.901,0.95, -0.59, 0.08, 33.14, 34.42, -20.75
2023-12-24 18:52:01.911,0.94, -0.56, 0.12, 37.96, 43.64, -36.01
2023-12-24 18:52:01.921,0.89, -0.57, 0.17, 31.13, 38.02, -24.23
2023-12-24 18:52:01.932,1.01, -0.80, 0.20, 27.40, 36.50, -19.96
2023-12-24 18:52:01.940,0.81, -0.59, 0.22, 27.47, 32.47, -18.68
2023-12-24 18:52:01.953,0.87, -0.96, 0.78, 40.22, 41.99, -44.92
2023-12-24 18:52:01.959,0.73, -0.43, 0.18, 21.30, 47.00, -33.26
2023-12-24 18:52:01.968,0.79, -0.56, 0.31, 9.52, 29.91, -8.18
2023-12-24 18:52:01.976,0.68, -0.53, 0.33, 5.74, 27.16, -9.28
2023-12-24 18:52:01.988,0.64, -0.50, 0.33, 6.47, 15.99, -1.77
2023-12-24 18:52:02.000,0.56, -0.46, 0.34, -0.12, -6.96, 17.27
2023-12-24 18:52:02.006,0.71, -0.51, 0.33, -2.56, -21.12, 31.07
2023-12-24 18:52:02.017,0.68, -0.50, 0.36, -5.68, -20.26, 37.23
2023-12-24 18:52:02.026,0.71, -0.51, 0.36, -9.46, -13.98, 40.41
2023-12-24 18:52:02.035,0.70, -0.52, 0.33, -12.08, -0.73, 30.52
2023-12-24 18:52:02.047,0.66, -0.57, 0.35, -15.50, 18.07, 20.39
2023-12-24 18:52:02.055,0.62, -0.57, 0.32, -16.66, 27.53, 9.16
2023-12-24 18:52:02.065,0.66, -0.59, 0.27, -46.51, 20.69, -6.90
2023-12-24 18:52:02.075,0.59, -0.61, 0.34, -64.33, 26.37, -19.17
2023-12-24 18:52:02.083,0.57, -0.69, 0.42, -75.32, 27.65, -29.30
2023-12-24 18:52:02.091,0.53, -0.70, 0.53, -48.03, 20.51, -15.63
2023-12-24 18:52:02.103,0.78, -0.71, 0.32, -44.49, 17.82, -6.77
2023-12-24 18:52:02.111,0.58, -0.66, 0.48, -65.43, 35.95, -22.03
2023-12-24 18:52:02.119,0.50, -0.76, 0.67, -53.83, 27.47, -5.00
2023-12-24 18:52:02.132,0.46, -0.80, 0.61, -30.40, 13.37, 14.40
2023-12-24 18:52:02.141,0.49, -0.81, 0.56, -18.25, -0.55, 28.63
2023-12-24 18:52:02.150,0.52, -0.80, 0.53, -13.43, -2.50, 33.02
2023-12-24 18:52:02.160,0.53, -0.84, 0.52, -14.83, 1.40, 30.46
2023-12-24 18:52:02.170,0.47, -0.87, 0.52, -18.68, 0.98, 27.65
2023-12-24 18:52:02.180,0.49, -0.91, 0.50, -17.88, -3.72, 26.92
2023-12-24 18:52:02.190,0.48, -0.94, 0.50, -13.85, -5.19, 26.00
2023-12-24 18:52:02.200,0.46, -0.95, 0.48, -11.72, -9.40, 23.62
2023-12-24 18:52:02.209,0.46, -0.97, 0.49, -10.19, -8.79, 17.52
2023-12-24 18:52:02.217,0.47, -1.00, 0.49, -9.03, -9.03, 13.61
2023-12-24 18:52:02.226,0.47, -0.99, 0.50, -7.14, -4.70, 8.12
2023-12-24 18:52:02.238,0.49, -0.99, 0.50, -6.53, -3.17, 6.16
2023-12-24 18:52:02.247,0.51, -0.99, 0.49, -5.86, 3.17, 2.01
2023-12-24 18:52:02.255,0.53, -0.98, 0.49, -6.77, 12.02, -1.28
2023-12-24 18:52:02.266,0.53, -0.96, 0.50, -9.52, 19.78, -3.91
2023-12-24 18:52:02.275,0.53, -0.95, 0.50, -14.59, 23.86, -7.26
2023-12-24 18:52:02.284,0.48, -0.89, 0.50, -21.85, 23.93, -10.44
2023-12-24 18:52:02.292,0.48, -0.87, 0.46, -30.09, 13.12, -10.13
2023-12-24 18:52:02.304,0.50, -0.84, 0.45, -36.19, 6.96, -11.96
2023-12-24 18:52:02.312,0.45, -0.80, 0.43, -41.87, 0.73, -13.55
2023-12-24 18:52:02.321,0.44, -0.76, 0.40, -46.45, -6.29, -13.61
2023-12-24 18:52:02.333,0.51, -0.77, 0.38, -47.85, -13.67, -10.13
2023-12-24 18:52:02.340,0.50, -0.73, 0.35, -49.19, -9.77, -12.76
2023-12-24 18:52:02.352,0.54, -0.69, 0.33, -48.28, -2.56, -14.83
2023-12-24 18:52:02.361,0.54, -0.69, 0.31, -48.52, -4.76, -12.94
2023-12-24 18:52:02.371,0.54, -0.63, 0.27, -42.42, -3.48, -14.04
2023-12-24 18:52:02.381,0.61, -0.63, 0.27, -36.25, 4.52, -16.72
2023-12-24 18:52:02.391,0.58, -0.57, 0.27, -24.05, 22.89, -17.70
2023-12-24 18:52:02.400,0.58, -0.54, 0.26, -21.06, 29.17, -21.24
2023-12-24 18:52:02.411,0.50, -0.48, 0.28, -24.11, 24.78, -21.06
2023-12-24 18:52:02.418,0.57, -0.47, 0.25, -26.31, -9.16, 0.00
2023-12-24 18:52:02.427,0.60, -0.47, 0.18, -19.53, -29.17, 17.58
2023-12-24 18:52:02.439,0.66, -0.42, 0.05, -7.45, -46.94, 40.59
2023-12-24 18:52:02.449,0.81, -0.43, 0.01, -13.85, -52.80, 41.44
2023-12-24 18:52:02.457,0.85, -0.45, -0.05, -15.32, -39.86, 36.38
2023-12-24 18:52:02.467,0.92, -0.41, -0.10, -15.38, -13.43, 12.27
2023-12-24 18:52:02.475,0.96, -0.44, 0.00, -19.04, 0.12, 7.93
2023-12-24 18:52:02.484,1.03, -0.60, -0.04, -19.17, 17.88, -3.66
2023-12-24 18:52:02.495,0.95, -0.51, -0.10, -5.49, 28.63, -17.33
2023-12-24 18:52:02.505,1.03, -0.21, -0.06, -7.87, 29.54, -10.86
2023-12-24 18:52:02.513,0.91, -0.53, -0.17, -20.81, -11.41, 7.87
2023-12-24 18:52:02.524,1.15, -0.51, -0.24, -8.42, -52.67, 29.66
2023-12-24 18:52:02.533,1.13, -0.56, -0.22, 1.71, -21.61, 3.85
2023-12-24 18:52:02.541,0.93, -0.48, -0.14, 7.57, -17.21, 5.07
2023-12-24 18:52:02.553,1.13, -0.51, -0.22, 3.48, -37.35, 19.41
2023-12-24 18:52:02.561,1.11, -0.52, -0.22, -5.25, -19.29, 14.65
2023-12-24 18:52:02.570,1.05, -0.52, -0.23, -6.71, -8.06, 15.14
2023-12-24 18:52:02.582,1.05, -0.51, -0.25, -7.14, -9.34, 16.54
2023-12-24 18:52:02.590,1.08, -0.52, -0.30, -8.54, -11.41, 19.78
2023-12-24 18:52:02.602,1.07, -0.51, -0.34, -6.23, -9.34, 14.77
2023-12-24 18:52:02.611,1.05, -0.50, -0.35, -2.87, -7.32, 7.08
2023-12-24 18:52:02.619,1.03, -0.49, -0.36, -0.73, -8.42, 0.67
2023-12-24 18:52:02.631,1.00, -0.47, -0.34, 2.93, -10.25, -5.68
2023-12-24 18:52:02.640,0.98, -0.44, -0.34, 5.07, -14.16, -9.46
2023-12-24 18:52:02.649,0.96, -0.46, -0.33, 7.14, -18.01, -8.24
2023-12-24 18:52:02.660,0.97, -0.44, -0.32, 10.86, -18.74, -9.46
2023-12-24 18:52:02.668,0.99, -0.45, -0.30, 13.79, -12.08, -11.05
2023-12-24 18:52:02.677,0.96, -0.46, -0.28, 14.59, -7.32, -12.51
2023-12-24 18:52:02.684,0.95, -0.46, -0.26, 14.22, -4.58, -13.00
2023-12-24 18:52:02.697,0.95, -0.45, -0.23, 14.28, -1.40, -14.89
2023-12-24 18:52:02.706,0.99, -0.47, -0.25, 16.24, 5.98, -18.31
2023-12-24 18:52:02.714,0.93, -0.46, -0.20, 18.25, 13.12, -22.34
2023-12-24 18:52:02.726,0.97, -0.45, -0.16, 17.94, 12.21, -22.52
2023-12-24 18:52:02.734,0.96, -0.48, -0.17, 17.33, 13.55, -25.02
2023-12-24 18:52:02.745,0.95, -0.45, -0.15, 20.81, 16.54, -31.86
2023-12-24 18:52:02.754,0.95, -0.46, -0.13, 21.18, 20.39, -34.06
2023-12-24 18:52:02.763,0.88, -0.39, -0.11, 22.22, 22.46, -35.83
2023-12-24 18:52:02.775,0.94, -0.48, -0.08, 16.85, 18.19, -24.96
2023-12-24 18:52:02.784,0.93, -0.51, -0.08, 19.41, 23.38, -27.59
2023-12-24 18:52:02.792,0.79, -0.84, 0.71, 38.64, 41.87, -62.62
2023-12-24 18:52:02.804,0.80, -0.39, -0.07, 23.19, 46.33, -44.25
2023-12-24 18:52:02.812,0.95, -0.52, 0.06, 16.17, 44.43, -27.28
2023-12-24 18:52:02.824,0.82, -0.53, 0.13, 7.39, 63.05, -36.56
2023-12-24 18:52:02.833,0.81, -0.56, 0.16, 4.21, 62.19, -34.79
2023-12-24 18:52:02.841,0.71, -0.57, 0.21, -4.33, 59.51, -35.89
2023-12-24 18:52:02.853,0.70, -0.57, 0.23, -8.36, 52.61, -31.43
2023-12-24 18:52:02.861,0.68, -0.54, 0.23, -21.61, 37.41, -21.18
2023-12-24 18:52:02.870,0.61, -0.56, 0.20, -32.35, 26.37, -9.89
2023-12-24 18:52:02.882,0.59, -0.60, 0.25, -29.36, 2.44, 12.76
2023-12-24 18:52:02.890,0.65, -0.67, 0.29, -25.09, -10.19, 23.68
2023-12-24 18:52:02.899,0.63, -0.68, 0.33, -32.17, -17.52, 22.16
2023-12-24 18:52:02.910,0.81, -0.67, 0.21, -57.50, -22.64, 15.20
2023-12-24 18:52:02.918,0.61, -0.70, 0.39, -119.87, 6.16, -31.19
2023-12-24 18:52:02.927,0.61, -0.86, 0.43, -111.82, -3.36, -25.15
2023-12-24 18:52:02.939,0.52, -0.91, 0.42, -87.10, -3.48, -27.40
2023-12-24 18:52:02.947,0.53, -0.89, 0.39, -55.48, -16.78, -25.39
2023-12-24 18:52:02.956,0.59, -0.89, 0.36, -40.47, -23.19, -10.93
2023-12-24 18:52:02.967,0.64, -0.93, 0.37, -37.23, -16.97, -8.48
2023-12-24 18:52:02.976,0.63, -0.94, 0.41, -36.80, -10.68, -9.77
2023-12-24 18:52:02.988,0.60, -0.94, 0.46, -36.44, -12.08, -8.54
2023-12-24 18:52:02.996,0.67, -0.96, 0.51, -41.87, -22.28, -1.77
2023-12-24 18:52:03.007,0.54, -0.92, 0.50, -51.64, -30.52, 5.74
2023-12-24 18:52:03.018,0.58, -0.91, 0.42, -60.36, -41.50, 10.07
2023-12-24 18:52:03.026,0.55, -0.87, 0.37, -61.58, -36.80, 13.92
2023-12-24 18:52:03.036,0.52, -0.84, 0.32, -60.79, -29.91, 16.05
2023-12-24 18:52:03.045,0.53, -0.85, 0.29, -60.06, -23.32, 19.84
2023-12-24 18:52:03.054,0.53, -0.85, 0.28, -57.80, -18.13, 21.67
2023-12-24 18:52:03.062,0.54, -0.86, 0.28, -55.91, -15.93, 20.14
2023-12-24 18:52:03.074,0.54, -0.86, 0.27, -54.38, -14.65, 14.53
2023-12-24 18:52:03.083,0.56, -0.86, 0.27, -51.76, -13.92, 6.10
2023-12-24 18:52:03.094,0.58, -0.88, 0.27, -49.07, -12.27, -5.62
2023-12-24 18:52:03.103,0.62, -0.87, 0.28, -47.49, -10.68, -18.37
2023-12-24 18:52:03.112,0.57, -0.85, 0.29, -47.36, -11.35, -30.52
2023-12-24 18:52:03.123,0.66, -0.84, 0.26, -46.51, -27.28, -29.79
2023-12-24 18:52:03.132,0.72, -0.83, 0.22, -48.34, -39.98, -28.14
2023-12-24 18:52:03.141,0.81, -0.82, 0.19, -48.34, -40.83, -25.76
2023-12-24 18:52:03.151,0.81, -0.84, 0.16, -49.50, -21.91, -28.56
2023-12-24 18:52:03.161,0.85, -0.82, 0.15, -41.81, -5.98, -23.38
2023-12-24 18:52:03.169,0.78, -0.74, 0.12, -33.51, 19.71, -19.65
2023-12-24 18:52:03.180,0.88, -0.71, 0.02, -29.36, 14.95, -3.85
2023-12-24 18:52:03.190,0.82, -0.67, -0.05, -25.15, 25.02, 5.74
2023-12-24 18:52:03.202,0.87, -0.69, -0.06, -21.00, 22.95, 12.27
2023-12-24 18:52:03.209,0.77, -0.71, -0.03, -9.95, 33.69, 17.40
2023-12-24 18:52:03.218,0.85, -0.65, -0.05, 2.56, 28.56, 19.47
2023-12-24 18:52:03.226,0.78, -0.60, -0.01, 6.90, 45.04, 15.69
2023-12-24 18:52:03.237,0.73, -0.56, -0.00, 8.06, 36.44, 20.81
2023-12-24 18:52:03.246,0.67, -0.55, -0.00, 9.16, 14.28, 32.23
2023-12-24 18:52:03.258,0.69, -0.54, -0.02, 11.54, -5.92, 43.40
2023-12-24 18:52:03.267,0.82, -0.48, -0.23, 22.58, -35.52, 67.20
2023-12-24 18:52:03.275,0.83, -0.47, -0.32, 14.53, -46.81, 64.27
2023-12-24 18:52:03.287,0.92, -0.45, -0.34, 4.27, -54.26, 53.71
2023-12-24 18:52:03.295,0.98, -0.42, -0.35, 0.92, -35.64, 30.09
2023-12-24 18:52:03.304,0.93, -0.46, -0.29, 0.85, -22.52, 22.40
2023-12-24 18:52:03.315,0.85, -0.41, -0.36, 10.38, -15.63, 16.85
2023-12-24 18:52:03.324,0.89, -0.41, -0.36, 28.08, -23.62, 36.62
2023-12-24 18:52:03.333,0.98, -0.40, -0.49, 48.10, -25.45, 51.57
2023-12-24 18:52:03.345,1.02, -0.35, -0.44, 43.76, -9.89, 42.24
2023-12-24 18:52:03.353,1.02, -0.42, -0.36, 34.73, 4.15, 43.52
2023-12-24 18:52:03.362,1.01, -0.36, -0.34, 28.14, 18.07, 36.74
2023-12-24 18:52:03.373,0.96, -0.33, -0.35, 17.58, 19.10, 34.55
2023-12-24 18:52:03.382,0.91, -0.43, -0.35, 10.93, 17.70, 38.09
2023-12-24 18:52:03.389,0.90, -0.40, -0.40, 9.22, 3.60, 41.26
2023-12-24 18:52:03.401,0.90, -0.36, -0.41, 10.31, -3.23, 36.68
2023-12-24 18:52:03.412,0.94, -0.40, -0.42, 7.93, -10.44, 34.42
2023-12-24 18:52:03.419,0.95, -0.40, -0.44, 6.47, -12.15, 27.34
2023-12-24 18:52:03.430,0.98, -0.42, -0.48, 5.07, -11.78, 22.22
2023-12-24 18:52:03.440,1.00, -0.44, -0.50, 6.65, -7.69, 13.24
2023-12-24 18:52:03.448,1.02, -0.46, -0.48, 10.01, -3.05, 5.00
2023-12-24 18:52:03.459,1.06, -0.51, -0.45, 12.63, 1.40, -3.60
2023-12-24 18:52:03.467,1.04, -0.44, -0.42, 14.83, 5.86, -15.01
2023-12-24 18:52:03.479,1.08, -0.50, -0.39, 8.24, 5.13, -13.98
2023-12-24 18:52:03.487,1.04, -0.49, -0.39, 5.80, 8.36, -18.19
2023-12-24 18:52:03.496,1.02, -0.46, -0.36, 4.94, 13.31, -21.00
2023-12-24 18:52:03.507,0.98, -0.46, -0.36, 7.51, 18.68, -20.20
2023-12-24 18:52:03.516,0.96, -0.45, -0.34, 9.64, 21.55, -19.10
2023-12-24 18:52:03.524,0.95, -0.46, -0.31, 15.01, 26.12, -15.87
2023-12-24 18:52:03.536,0.94, -0.49, -0.28, 20.57, 31.07, -14.47
2023-12-24 18:52:03.544,0.93, -0.49, -0.21, 24.60, 35.64, -16.60
2023-12-24 18:52:03.553,0.92, -0.52, -0.15, 23.68, 34.61, -17.58
2023-12-24 18:52:03.565,0.92, -0.54, -0.10, 18.49, 31.62, -19.59
2023-12-24 18:52:03.573,0.91, -0.59, -0.07, 14.59, 27.16, -19.53
2023-12-24 18:52:03.582,0.96, -0.66, -0.04, 14.89, 29.48, -28.26
2023-12-24 18:52:03.594,0.96, -0.79, 0.03, 23.62, 50.29, -61.77
2023-12-24 18:52:03.602,0.79, -0.60, 0.03, 22.34, 37.96, -69.70
2023-12-24 18:52:03.610,0.90, -0.69, 0.12, 13.98, 31.07, -47.85
2023-12-24 18:52:03.622,0.82, -0.69, 0.15, 14.53, 28.81, -50.42
2023-12-24 18:52:03.632,0.80, -0.69, 0.20, 14.65, 26.18, -49.13
2023-12-24 18:52:03.639,0.78, -0.70, 0.21, 6.41, 21.00, -44.01
2023-12-24 18:52:03.651,0.79, -0.72, 0.20, 3.42, 19.29, -40.59
2023-12-24 18:52:03.660,0.79, -0.77, 0.23, -0.24, 25.82, -40.83
2023-12-24 18:52:03.671,0.69, -0.73, 0.22, -10.13, 21.55, -39.67
2023-12-24 18:52:03.680,0.71, -0.71, 0.18, -42.79, 9.46, -39.25
2023-12-24 18:52:03.688,0.78, -0.83, 0.22, -63.17, 12.02, -36.50
2023-12-24 18:52:03.700,0.63, -0.82, 0.24, -59.94, 15.81, -31.86
2023-12-24 18:52:03.709,0.68, -0.84, 0.20, -54.32, 9.58, -17.70
2023-12-24 18:52:03.717,0.66, -0.84, 0.24, -49.80, 3.60, -7.51
2023-12-24 18:52:03.729,0.66, -0.89, 0.25, -42.30, 9.83, -10.07
2023-12-24 18:52:03.737,0.61, -0.90, 0.23, -37.72, 10.99, -7.26
2023-12-24 18:52:03.746,0.72, -0.93, 0.21, -30.76, 19.53, -11.23
2023-12-24 18:52:03.758,0.55, -0.88, 0.26, -47.24, 26.25, -2.08
2023-12-24 18:52:03.766,0.58, -0.94, 0.29, -23.07, 13.31, -1.28
2023-12-24 18:52:03.775,0.55, -0.94, 0.25, -10.62, 3.66, 4.46
2023-12-24 18:52:03.786,0.54, -0.93, 0.25, -10.25, -6.41, 9.16
2023-12-24 18:52:03.795,0.56, -0.92, 0.23, -11.35, -12.88, 11.29
2023-12-24 18:52:03.804,0.59, -0.93, 0.21, -13.06, -15.44, 14.53
2023-12-24 18:52:03.815,0.61, -0.95, 0.19, -13.73, -8.79, 15.44
2023-12-24 18:52:03.824,0.62, -0.94, 0.19, -11.17, -0.43, 17.40
2023-12-24 18:52:03.834,0.62, -0.94, 0.17, -8.61, 8.24, 19.10
2023-12-24 18:52:03.844,0.61, -0.95, 0.15, -5.43, 16.60, 20.57
2023-12-24 18:52:03.852,0.62, -0.95, 0.16, -0.73, 25.09, 18.68
2023-12-24 18:52:03.861,0.62, -0.94, 0.17, 2.87, 30.03, 16.05
2023-12-24 18:52:03.872,0.62, -0.89, 0.16, 4.70, 31.37, 13.18
2023-12-24 18:52:03.881,0.60, -0.86, 0.17, 5.25, 28.63, 11.05
2023-12-24 18:52:03.890,0.59, -0.81, 0.14, 5.74, 23.13, 12.57
2023-12-24 18:52:03.901,0.59, -0.80, 0.15, 6.16, 21.24, 13.06
2023-12-24 18:52:03.912,0.60, -0.78, 0.17, 10.80, 20.32, 18.01
2023-12-24 18:52:03.921,0.57, -0.72, 0.14, 22.40, 17.27, 30.46
2023-12-24 18:52:03.931,0.60, -0.68, 0.11, 27.47, 2.20, 36.32
2023-12-24 18:52:03.940,0.67, -0.68, 0.11, 23.19, -11.96, 36.44
2023-12-24 18:52:03.951,0.76, -0.66, 0.07, 20.94, -14.59, 31.01
2023-12-24 18:52:03.960,0.78, -0.66, 0.02, 22.89, -3.11, 23.38
2023-12-24 18:52:03.969,0.78, -0.64, 0.01, 29.79, 9.34, 12.15
2023-12-24 18:52:03.979,0.79, -0.62, 0.04, 39.31, 18.74, 3.78
2023-12-24 18:52:03.990,0.78, -0.57, 0.03, 48.52, 24.35, -1.65
2023-12-24 18:52:03.997,0.75, -0.48, 0.04, 51.09, 28.02, -5.74
2023-12-24 18:52:04.007,0.84, -0.55, 0.08, 49.44, 28.08, -3.11
2023-12-24 18:52:04.016,0.86, -0.50, 0.10, 49.87, 34.18, -2.69
2023-12-24 18:52:04.026,0.79, -0.39, 0.09, 37.66, 30.82, 3.85
2023-12-24 18:52:04.036,0.83, -0.42, 0.05, 18.55, 13.12, 18.55
2023-12-24 18:52:04.045,0.83, -0.43, -0.00, 6.16, -1.28, 30.27
2023-12-24 18:52:04.053,0.83, -0.41, -0.07, 11.90, -24.35, 49.26
2023-12-24 18:52:04.065,0.90, -0.42, -0.17, 15.87, -30.58, 49.26
2023-12-24 18:52:04.075,0.90, -0.34, -0.19, 14.28, -25.09, 47.42
2023-12-24 18:52:04.084,0.91, -0.45, -0.19, 10.07, -31.74, 32.35
2023-12-24 18:52:04.094,0.87, -0.37, -0.23, 29.36, -29.91, 30.15
2023-12-24 18:52:04.102,0.89, -0.33, -0.29, 36.80, -35.46, 24.66
2023-12-24 18:52:04.114,0.87, -0.21, -0.35, 25.94, -44.31, 25.57
2023-12-24 18:52:04.124,0.78, -0.50, -0.21, -11.96, -59.63, 48.28
2023-12-24 18:52:04.135,0.96, -0.44, -0.26, 1.34, -75.99, 51.51
2023-12-24 18:52:04.143,1.05, -0.44, -0.26, 8.91, -53.83, 29.72
2023-12-24 18:52:04.151,1.07, -0.46, -0.24, 10.38, -31.86, 16.48
2023-12-24 18:52:04.160,1.08, -0.46, -0.23, 10.50, -24.48, 13.06
2023-12-24 18:52:04.172,1.09, -0.48, -0.24, 7.51, -13.61, 2.50
2023-12-24 18:52:04.180,1.11, -0.50, -0.26, 8.85, -5.13, -6.96
2023-12-24 18:52:04.189,1.07, -0.51, -0.26, 14.04, -2.50, -14.47
2023-12-24 18:52:04.201,1.10, -0.50, -0.27, 25.33, 7.32, -23.62
2023-12-24 18:52:04.209,1.05, -0.48, -0.22, 31.01, 12.88, -29.60
2023-12-24 18:52:04.217,1.01, -0.47, -0.19, 32.41, 13.31, -32.35
2023-12-24 18:52:04.228,0.99, -0.44, -0.13, 28.50, 10.93, -35.03
2023-12-24 18:52:04.239,0.97, -0.42, -0.12, 21.85, 5.55, -32.53
2023-12-24 18:52:04.249,0.96, -0.44, -0.12, 14.77, 2.44, -30.09
2023-12-24 18:52:04.257,0.94, -0.43, -0.10, 15.75, 4.27, -35.22
2023-12-24 18:52:04.266,0.95, -0.44, -0.08, 9.52, 4.21, -30.46
2023-12-24 18:52:04.274,0.95, -0.46, -0.08, 6.10, 4.09, -30.58
2023-12-24 18:52:04.287,0.96, -0.49, -0.10, 1.28, 3.60, -32.84
2023-12-24 18:52:04.295,0.89, -0.41, -0.10, 4.15, 6.35, -42.79
2023-12-24 18:52:04.303,0.95, -0.47, -0.08, -1.16, 0.92, -35.03
2023-12-24 18:52:04.315,0.95, -0.48, -0.08, -0.31, 1.89, -38.39
2023-12-24 18:52:04.323,0.97, -0.49, -0.07, 2.26, 5.25, -40.53
2023-12-24 18:52:04.332,1.02, -0.54, -0.06, 3.97, 12.27, -43.76
2023-12-24 18:52:04.343,0.94, -0.53, -0.04, 12.21, 32.29, -65.06
2023-12-24 18:52:04.351,0.82, -0.09, -0.49, 17.58, 13.43, -82.82
2023-12-24 18:52:04.363,0.96, -0.49, 0.09, -0.31, 31.98, -37.41
2023-12-24 18:52:04.372,0.86, -0.52, 0.06, -6.59, 38.02, -39.55
2023-12-24 18:52:04.385,0.85, -0.52, 0.07, -8.54, 46.57, -40.59
2023-12-24 18:52:04.392,0.88, -0.52, 0.02, -13.18, 58.35, -46.26
2023-12-24 18:52:04.401,0.79, -0.48, 0.01, -26.37, 77.88, -59.88
2023-12-24 18:52:04.409,0.71, -0.53, 0.08, -51.21, 68.24, -54.44
2023-12-24 18:52:04.417,0.84, -0.56, 0.12, -53.04, 62.56, -49.93
2023-12-24 18:52:04.429,0.72, -0.53, 0.14, -40.04, 72.08, -54.81
2023-12-24 18:52:04.439,0.70, -0.57, 0.16, -30.46, 52.12, -38.45
2023-12-24 18:52:04.450,0.72, -0.59, 0.17, -36.07, 12.76, -20.45
2023-12-24 18:52:04.458,0.73, -0.65, 0.33, -48.58, 7.08, -14.77
2023-12-24 18:52:04.467,0.77, -0.66, 0.28, -27.59, -11.60, -9.46
2023-12-24 18:52:04.478,0.72, -0.63, 0.25, -26.67, -14.83, -9.77
2023-12-24 18:52:04.488,0.76, -0.64, 0.25, -27.04, -17.46, -3.54
2023-12-24 18:52:04.496,0.79, -0.65, 0.25, -26.86, -9.09, -3.42
2023-12-24 18:52:04.507,0.78, -0.65, 0.26, -32.23, -1.16, -5.13
2023-12-24 18:52:04.516,0.78, -0.68, 0.26, -39.31, 3.66, -4.09
2023-12-24 18:52:04.524,0.74, -0.67, 0.29, -40.34, 4.27, -2.93
2023-12-24 18:52:04.537,0.74, -0.66, 0.30, -38.64, 1.40, -1.59
2023-12-24 18:52:04.545,0.74, -0.68, 0.30, -37.60, -3.11, 1.83
2023-12-24 18:52:04.556,0.75, -0.71, 0.32, -40.89, -5.37, 4.27
2023-12-24 18:52:04.566,0.71, -0.81, 0.34, -66.35, 0.61, 11.11
2023-12-24 18:52:04.574,0.69, -0.71, 0.34, -60.12, -3.60, 5.43
2023-12-24 18:52:04.585,0.64, -0.72, 0.24, -52.67, -5.25, 8.30
2023-12-24 18:52:04.593,0.60, -0.72, 0.22, -50.42, -1.77, 11.17
2023-12-24 18:52:04.603,0.58, -0.74, 0.19, -41.50, 1.40, 12.08
2023-12-24 18:52:04.614,0.56, -0.76, 0.18, -32.59, 5.55, 10.86
2023-12-24 18:52:04.622,0.55, -0.79, 0.20, -22.95, 8.73, 9.16
2023-12-24 18:52:04.630,0.54, -0.82, 0.23, -13.31, 9.09, 6.84
2023-12-24 18:52:04.638,0.53, -0.83, 0.24, -10.50, 7.87, 6.04
2023-12-24 18:52:04.650,0.54, -0.85, 0.27, -7.75, 4.21, 4.52
2023-12-24 18:52:04.658,0.55, -0.85, 0.28, -6.53, 2.81, 2.20
2023-12-24 18:52:04.667,0.57, -0.85, 0.29, -6.90, 4.64, 0.24
2023-12-24 18:52:04.679,0.58, -0.85, 0.28, -8.36, 9.22, -0.79
2023-12-24 18:52:04.688,0.60, -0.83, 0.28, -11.41, 12.88, -0.73
2023-12-24 18:52:04.696,0.65, -0.82, 0.27, -14.65, 16.72, 0.67
2023-12-24 18:52:04.709,0.70, -0.83, 0.26, -15.20, 23.86, 3.11
2023-12-24 18:52:04.718,0.73, -0.79, 0.23, -10.50, 28.26, 7.39
2023-12-24 18:52:04.726,0.69, -0.77, 0.18, -0.67, 19.29, 13.00
2023-12-24 18:52:04.737,0.82, -0.71, 0.10, 12.76, -5.98, 29.17
2023-12-24 18:52:04.746,0.80, -0.69, 0.11, 18.74, -4.21, 21.06
2023-12-24 18:52:04.757,0.80, -0.65, 0.12, 33.63, -8.36, 25.15
2023-12-24 18:52:04.766,0.78, -0.60, 0.09, 40.53, -9.40, 26.43
2023-12-24 18:52:04.775,0.77, -0.56, 0.08, 44.56, -12.33, 33.02
2023-12-24 18:52:04.786,0.78, -0.54, 0.08, 43.46, -16.78, 43.46
2023-12-24 18:52:04.795,0.85, -0.50, -0.02, 51.33, -14.95, 58.90
2023-12-24 18:52:04.803,0.98, -0.48, -0.10, 44.56, -4.09, 56.21
2023-12-24 18:52:04.815,0.95, -0.47, -0.13, 33.08, 28.38, 31.31
2023-12-24 18:52:04.823,1.00, -0.47, -0.11, 30.76, 51.76, 4.64
2023-12-24 18:52:04.832,0.96, -0.52, -0.11, 32.47, 61.71, -15.32
2023-12-24 18:52:04.843,0.97, -0.52, -0.02, 36.50, 58.11, -29.42
2023-12-24 18:52:04.852,0.89, -0.49, 0.05, 37.84, 46.63, -36.62
2023-12-24 18:52:04.861,0.75, -0.42, 0.11, 35.89, 23.19, -24.23
2023-12-24 18:52:04.872,0.80, -0.39, 0.03, 37.29, -9.46, 14.95
2023-12-24 18:52:04.881,0.91, -0.36, -0.04, 33.39, -16.05, 27.89
2023-12-24 18:52:04.889,0.75, -0.35, -0.11, 15.69, -14.53, 39.00
2023-12-24 18:52:04.901,0.96, -0.41, -0.03, 0.12, -25.02, 58.65
2023-12-24 18:52:04.910,0.90, -0.06, -0.18, -7.39, -25.51, 65.12
2023-12-24 18:52:04.918,0.81, -0.77, 0.08, -74.34, -39.25, 125.31
2023-12-24 18:52:04.930,1.04, -0.53, -0.14, -37.48, -15.26, 62.32
2023-12-24 18:52:04.938,0.82, -0.38, -0.12, -12.27, 23.32, 6.47
2023-12-24 18:52:04.949,0.97, -0.59, -0.02, -6.10, -0.73, 25.09
2023-12-24 18:52:04.958,0.95, -0.39, -0.09, 8.91, -8.24, 23.19
2023-12-24 18:52:04.967,0.97, -0.41, -0.01, 6.16, -26.67, 21.61
2023-12-24 18:52:04.978,1.01, -0.48, 0.03, 0.43, -33.26, 35.34
2023-12-24 18:52:04.987,0.98, -0.45, -0.04, -1.65, -25.09, 34.12
2023-12-24 18:52:04.995,1.05, -0.40, -0.02, -4.64, -16.60, 33.75
2023-12-24 18:52:05.007,1.00, -0.40, -0.07, -13.49, -3.11, 24.96
2023-12-24 18:52:05.016,1.06, -0.43, -0.12, -5.74, 2.50, 22.64
2023-12-24 18:52:05.024,1.05, -0.42, -0.12, 1.46, 6.35, 15.63
2023-12-24 18:52:05.033,1.07, -0.44, -0.08, 11.84, 10.31, 8.42
2023-12-24 18:52:05.044,1.06, -0.40, -0.04, 14.71, 7.81, 2.14
2023-12-24 18:52:05.052,1.04, -0.39, -0.04, 8.97, 0.31, -0.85
2023-12-24 18:52:05.061,1.04, -0.39, -0.07, 0.43, -4.64, -1.16
2023-12-24 18:52:05.073,1.03, -0.39, -0.09, -4.64, -4.21, -0.85
2023-12-24 18:52:05.082,1.04, -0.41, -0.10, -6.96, -2.26, -0.61
2023-12-24 18:52:05.089,1.06, -0.42, -0.10, -8.67, 1.89, -0.73
2023-12-24 18:52:05.101,1.07, -0.42, -0.14, -10.62, 7.51, -1.59
2023-12-24 18:52:05.110,1.04, -0.43, -0.15, -10.50, 12.82, -4.46
2023-12-24 18:52:05.121,1.04, -0.44, -0.15, -9.46, 13.61, -5.98
2023-12-24 18:52:05.130,1.03, -0.46, -0.15, -7.02, 13.12, -9.46
2023-12-24 18:52:05.139,0.99, -0.45, -0.16, -6.35, 8.48, -13.92
2023-12-24 18:52:05.151,0.99, -0.47, -0.11, -15.56, 1.40, -10.13
2023-12-24 18:52:05.159,0.99, -0.51, -0.07, -18.43, -3.60, -14.77
2023-12-24 18:52:05.168,1.01, -0.57, -0.01, -16.17, -1.46, -23.13
2023-12-24 18:52:05.179,0.87, -0.55, -0.02, -6.59, 17.76, -45.04
2023-12-24 18:52:05.187,0.95, -0.53, 0.09, -6.90, 13.00, -36.80
2023-12-24 18:52:05.196,0.91, -0.58, 0.14, -24.23, 7.57, -33.57
2023-12-24 18:52:05.207,0.88, -0.57, 0.14, -38.15, 8.97, -29.17
2023-12-24 18:52:05.216,0.88, -0.59, 0.10, -48.65, 12.94, -26.37
2023-12-24 18:52:05.224,0.85, -0.59, 0.08, -51.03, 18.49, -30.76
2023-12-24 18:52:05.236,0.87, -0.54, 0.04, -49.87, 20.39, -31.13
2023-12-24 18:52:05.245,0.84, -0.56, 0.02, -51.82, 18.62, -34.73
2023-12-24 18:52:05.255,0.86, -0.59, 0.03, -47.18, 17.52, -38.51
2023-12-24 18:52:05.265,0.86, -0.63, -0.00, -41.81, 16.24, -41.08
2023-12-24 18:52:05.273,0.91, -0.63, 0.03, -27.53, 31.31, -56.15
