Timestamp (Unix),Sample Nunmber,ax,ay,az,gx,gy,gz
2023-12-25 23:39:11.923,1,1.00, -0.16, 0.03, -0.79, 0.73, 1.89
2023-12-25 23:39:11.926,2,0.99, -0.14, 0.03, 1.34, 2.44, 0.43
2023-12-25 23:39:11.928,3,0.99, -0.14, 0.03, 1.28, 2.99, 1.59
2023-12-25 23:39:11.930,4,0.99, -0.16, 0.03, 0.49, 3.17, 2.62
2023-12-25 23:39:11.931,5,0.98, -0.16, 0.04, 0.98, 2.20, 3.05
2023-12-25 23:39:11.932,6,0.99, -0.17, 0.05, 2.20, -0.73, 3.97
2023-12-25 23:39:11.933,7,0.99, -0.19, 0.05, 2.81, -3.23, 4.82
2023-12-25 23:39:11.934,8,0.99, -0.19, 0.05, 2.44, -3.85, 4.64
2023-12-25 23:39:11.935,9,1.00, -0.19, 0.05, 1.04, -2.08, 3.60
2023-12-25 23:39:11.938,10,1.00, -0.20, 0.04, -1.53, 0.49, 2.38
2023-12-25 23:39:11.939,11,0.99, -0.21, 0.04, -2.81, 3.11, 0.85
2023-12-25 23:39:11.941,12,0.98, -0.21, 0.04, -2.62, 3.42, 0.61
2023-12-25 23:39:11.943,13,0.98, -0.21, 0.02, -1.89, 2.14, 1.16
2023-12-25 23:39:11.944,14,0.98, -0.20, 0.02, -0.79, -0.49, 2.20
2023-12-25 23:39:11.945,15,0.99, -0.19, 0.01, 0.85, -2.50, 2.26
2023-12-25 23:39:11.947,16,1.00, -0.19, 0.01, 2.01, -2.50, 1.28
2023-12-25 23:39:11.947,17,1.01, -0.17, 0.01, 1.95, 0.49, -0.49
2023-12-25 23:39:11.948,18,1.00, -0.17, 0.01, 1.53, 5.13, -2.69
2023-12-25 23:39:11.949,19,1.00, -0.16, 0.02, 0.43, 8.18, -3.36
2023-12-25 23:39:11.949,20,0.98, -0.17, 0.03, -0.31, 9.22, -3.23
2023-12-25 23:39:11.950,21,0.98, -0.17, 0.03, 0.06, 7.08, -1.95
2023-12-25 23:39:11.951,22,0.98, -0.16, 0.03, 0.24, 5.49, -1.04
2023-12-25 23:39:11.951,23,0.98, -0.17, 0.03, 0.61, 2.20, 0.98
2023-12-25 23:39:11.952,24,0.99, -0.16, 0.03, 1.40, -0.12, 2.01
2023-12-25 23:39:11.954,25,1.00, -0.16, 0.02, 2.20, -0.31, 1.59
2023-12-25 23:39:11.955,26,1.01, -0.15, 0.03, 2.01, 2.93, -0.37
2023-12-25 23:39:11.955,27,1.00, -0.15, 0.03, 1.46, 7.39, -2.50
2023-12-25 23:39:11.956,28,0.99, -0.15, 0.03, 0.18, 9.77, -2.99
2023-12-25 23:39:11.957,29,0.98, -0.16, 0.03, -0.37, 8.91, -2.26
2023-12-25 23:39:11.957,30,0.98, -0.16, 0.03, 0.43, 5.37, -0.06
2023-12-25 23:39:11.958,31,0.99, -0.17, 0.02, 1.59, 0.73, 2.20
2023-12-25 23:39:11.959,32,0.99, -0.17, 0.03, 2.08, -0.49, 2.69
2023-12-25 23:39:11.961,33,1.00, -0.17, 0.03, 2.44, 0.06, 2.44
2023-12-25 23:39:11.961,34,1.01, -0.17, 0.04, 2.26, 3.78, 0.79
2023-12-25 23:39:11.962,35,1.00, -0.17, 0.05, 1.53, 11.54, -0.06
2023-12-25 23:39:11.963,36,0.99, -0.17, 0.05, 2.38, 14.28, -1.16
2023-12-25 23:39:11.964,37,0.98, -0.17, 0.05, 1.77, 14.40, -1.22
2023-12-25 23:39:11.965,38,0.98, -0.17, 0.06, -0.61, 8.91, -0.73
2023-12-25 23:39:11.966,39,0.98, -0.18, 0.06, -0.31, 4.09, 1.40
2023-12-25 23:39:11.967,40,0.98, -0.18, 0.05, 1.34, 0.61, 2.32
2023-12-25 23:39:11.968,41,0.98, -0.18, 0.05, 1.53, -0.31, 2.99
2023-12-25 23:39:11.972,42,0.99, -0.17, 0.05, 1.10, -1.04, 3.91
2023-12-25 23:39:11.973,43,1.00, -0.18, 0.04, 2.01, 0.06, 5.25
2023-12-25 23:39:11.974,44,1.01, -0.18, 0.04, 1.95, 3.23, 2.62
2023-12-25 23:39:11.974,45,1.00, -0.17, 0.04, 0.31, 6.90, -0.61
2023-12-25 23:39:11.975,46,1.00, -0.18, 0.04, -1.10, 8.67, -1.83
2023-12-25 23:39:11.976,47,0.99, -0.18, 0.04, -0.43, 8.67, -2.01
2023-12-25 23:39:11.976,48,0.97, -0.18, 0.04, 1.46, 6.53, -0.98
2023-12-25 23:39:11.977,49,1.00, -0.18, 0.03, 3.97, 3.97, 0.37
2023-12-25 23:39:11.978,50,1.00, -0.19, 0.03, 7.14, 7.69, 0.79
2023-12-25 23:39:11.978,51,1.01, -0.16, 0.03, 7.63, 13.31, -2.87
2023-12-25 23:39:11.979,52,0.99, -0.16, 0.04, 3.30, 18.68, -4.39
2023-12-25 23:39:11.980,53,1.00, -0.16, 0.04, 1.34, 18.31, -5.68
2023-12-25 23:39:11.981,54,1.00, -0.16, 0.05, 0.85, 20.81, -7.75
2023-12-25 23:39:11.981,55,0.98, -0.15, 0.06, 2.26, 21.73, -8.97
2023-12-25 23:39:11.982,56,0.98, -0.14, 0.07, 2.56, 19.17, -6.35
2023-12-25 23:39:11.983,57,0.98, -0.17, 0.07, 3.60, 14.77, -4.15
2023-12-25 23:39:11.983,58,0.99, -0.15, 0.06, 8.54, 14.77, -3.05
2023-12-25 23:39:11.984,59,0.98, -0.15, 0.06, 8.18, 15.38, 1.59
2023-12-25 23:39:11.984,60,1.01, -0.16, 0.06, 2.26, 10.19, -0.12
2023-12-25 23:39:11.985,61,0.99, -0.16, 0.07, 0.31, 13.31, -3.97
2023-12-25 23:39:11.986,62,1.01, -0.15, 0.07, 1.10, 14.71, -3.91
2023-12-25 23:39:11.988,63,1.00, -0.15, 0.08, 0.92, 17.94, -4.70
2023-12-25 23:39:11.989,64,0.98, -0.15, 0.10, -0.24, 21.00, -7.39
2023-12-25 23:39:11.989,65,1.02, -0.16, 0.08, 1.40, 16.72, -4.39
2023-12-25 23:39:11.991,66,0.98, -0.13, 0.11, 5.62, 24.90, -10.13
2023-12-25 23:39:11.992,67,0.98, -0.13, 0.12, 3.48, 17.09, -4.52
2023-12-25 23:39:11.992,68,1.00, -0.14, 0.12, 4.70, 14.40, -3.23
2023-12-25 23:39:11.994,69,0.97, -0.13, 0.13, 9.40, 14.95, -4.82
2023-12-25 23:39:11.994,70,0.99, -0.11, 0.12, 11.66, 9.89, -0.92
2023-12-25 23:39:11.995,71,0.98, -0.12, 0.13, 9.34, 8.67, 3.42
2023-12-25 23:39:11.996,72,0.96, -0.14, 0.14, 10.80, 3.42, 5.43
2023-12-25 23:39:11.997,73,0.99, -0.14, 0.14, 14.40, -4.64, 7.87
2023-12-25 23:39:11.998,74,1.00, -0.15, 0.15, 16.05, -7.26, 8.00
2023-12-25 23:39:11.999,75,1.00, -0.13, 0.16, 20.32, -6.10, 4.27
2023-12-25 23:39:12.001,76,1.03, -0.12, 0.17, 26.06, -2.38, -0.43
2023-12-25 23:39:12.004,77,1.04, -0.11, 0.17, 27.95, 1.83, -2.99
2023-12-25 23:39:12.005,78,0.99, -0.18, 0.17, 33.33, 9.09, -10.07
2023-12-25 23:39:12.006,79,1.01, -0.17, 0.09, 46.51, 8.67, -12.51
2023-12-25 23:39:12.007,80,0.96, -0.18, 0.08, 63.60, 18.80, 0.85
2023-12-25 23:39:12.008,81,0.94, -0.20, 0.05, 77.76, 21.73, 25.70
2023-12-25 23:39:12.008,82,1.00, -0.20, 0.01, 81.05, 23.56, 36.25
2023-12-25 23:39:12.009,83,1.05, -0.18, 0.03, 72.27, 38.27, 30.94
2023-12-25 23:39:12.010,84,1.06, -0.19, 0.04, 54.20, 55.54, 14.04
2023-12-25 23:39:12.011,85,1.07, -0.18, 0.09, 36.07, 70.19, -20.02
2023-12-25 23:39:12.011,86,1.01, -0.15, 0.13, 24.60, 81.91, -44.19
2023-12-25 23:39:12.012,87,0.92, -0.14, 0.19, 17.76, 74.28, -51.21
2023-12-25 23:39:12.013,88,0.87, -0.13, 0.21, 18.37, 63.05, -46.39
2023-12-25 23:39:12.013,89,0.87, -0.11, 0.19, 22.34, 28.26, -22.89
2023-12-25 23:39:12.014,90,0.94, -0.11, 0.18, 24.78, 1.89, 1.95
2023-12-25 23:39:12.015,91,0.96, -0.14, 0.18, 24.11, -5.19, 14.53
2023-12-25 23:39:12.015,92,1.04, -0.14, 0.16, 28.08, -1.34, 15.44
2023-12-25 23:39:12.016,93,1.04, -0.13, 0.14, 32.47, 23.13, 9.03
2023-12-25 23:39:12.017,94,1.02, -0.11, 0.16, 20.63, 35.77, -9.58
2023-12-25 23:39:12.018,95,0.97, -0.10, 0.20, 5.92, 39.31, -26.06
2023-12-25 23:39:12.018,96,0.95, -0.10, 0.23, 5.31, 33.87, -21.79
2023-12-25 23:39:12.022,97,0.94, -0.08, 0.24, 7.14, 27.83, -16.11
2023-12-25 23:39:12.024,98,0.93, -0.07, 0.25, 6.23, 16.97, -8.06
2023-12-25 23:39:12.025,99,0.95, -0.08, 0.25, 5.37, 11.05, -3.66
2023-12-25 23:39:12.026,100,0.98, -0.10, 0.22, 6.35, 6.71, -1.34
2023-12-25 23:39:12.028,101,1.00, -0.09, 0.22, 6.35, 10.74, -3.91
2023-12-25 23:39:12.029,102,0.99, -0.10, 0.22, 3.05, 17.09, -9.09
2023-12-25 23:39:12.031,103,0.98, -0.10, 0.23, 2.38, 21.91, -11.78
2023-12-25 23:39:12.032,104,0.97, -0.10, 0.24, 2.62, 23.25, -12.63
2023-12-25 23:39:12.033,105,0.98, -0.10, 0.22, 4.03, 21.06, -10.50
2023-12-25 23:39:12.034,106,0.98, -0.11, 0.21, 4.27, 21.24, -9.77
2023-12-25 23:39:12.035,107,0.97, -0.10, 0.22, 5.00, 21.61, -9.89
2023-12-25 23:39:12.039,108,1.00, -0.10, 0.24, 5.49, 24.23, -12.27
2023-12-25 23:39:12.041,109,1.00, -0.09, 0.24, 5.62, 33.14, -20.02
2023-12-25 23:39:12.042,110,0.97, -0.08, 0.25, 4.46, 38.94, -23.74
2023-12-25 23:39:12.044,111,0.95, -0.08, 0.27, 2.99, 38.45, -24.17
2023-12-25 23:39:12.045,112,0.94, -0.06, 0.29, 2.38, 33.26, -20.94
2023-12-25 23:39:12.046,113,0.95, -0.06, 0.30, 3.23, 25.02, -15.01
2023-12-25 23:39:12.047,114,0.95, -0.05, 0.30, 3.54, 19.35, -11.54
2023-12-25 23:39:12.047,115,0.96, -0.04, 0.28, 2.62, 15.01, -8.30
2023-12-25 23:39:12.048,116,0.95, -0.05, 0.28, 0.92, 11.72, -4.76
2023-12-25 23:39:12.049,117,0.96, -0.05, 0.27, 0.06, 8.00, -1.95
2023-12-25 23:39:12.049,118,0.98, -0.05, 0.27, -0.85, 7.69, -1.46
2023-12-25 23:39:12.050,119,0.97, -0.06, 0.27, -2.20, 8.97, -4.58
2023-12-25 23:39:12.051,120,0.98, -0.04, 0.28, -0.67, 11.29, -6.84
2023-12-25 23:39:12.052,121,0.99, -0.04, 0.28, -0.12, 13.92, -7.75
2023-12-25 23:39:12.053,122,0.96, -0.04, 0.29, 0.61, 17.76, -10.01
2023-12-25 23:39:12.055,123,0.93, -0.04, 0.29, -0.79, 12.57, -6.53
2023-12-25 23:39:12.056,124,0.95, -0.06, 0.27, -0.31, 4.64, 0.00
2023-12-25 23:39:12.056,125,0.97, -0.06, 0.28, 1.22, 3.17, 3.05
2023-12-25 23:39:12.057,126,0.97, -0.07, 0.28, 0.12, 3.48, 2.56
2023-12-25 23:39:12.057,127,0.98, -0.08, 0.28, -0.18, 6.16, 0.18
2023-12-25 23:39:12.058,128,0.98, -0.08, 0.28, 1.65, 11.23, -3.60
2023-12-25 23:39:12.059,129,0.97, -0.07, 0.29, 1.95, 14.95, -7.57
2023-12-25 23:39:12.059,130,0.95, -0.05, 0.30, 0.98, 16.60, -9.70
2023-12-25 23:39:12.060,131,0.95, -0.05, 0.30, 1.46, 14.34, -8.30
2023-12-25 23:39:12.061,132,0.94, -0.04, 0.31, 0.43, 12.51, -6.47
2023-12-25 23:39:12.063,133,0.94, -0.04, 0.31, -0.18, 10.19, -5.13
2023-12-25 23:39:12.064,134,0.95, -0.05, 0.31, -1.04, 3.78, 0.06
2023-12-25 23:39:12.065,135,0.97, -0.04, 0.31, 0.18, 2.32, -0.18
2023-12-25 23:39:12.066,136,0.98, -0.04, 0.30, 0.98, 5.86, -2.08
2023-12-25 23:39:12.066,137,0.97, -0.03, 0.31, 1.71, 13.06, -6.96
2023-12-25 23:39:12.067,138,0.93, -0.03, 0.32, 0.37, 13.12, -7.75
2023-12-25 23:39:12.068,139,0.94, -0.03, 0.31, 0.18, 4.88, -1.10
2023-12-25 23:39:12.068,140,0.95, -0.04, 0.31, 0.12, 1.10, 2.14
2023-12-25 23:39:12.069,141,0.95, -0.04, 0.31, 0.43, 1.40, 2.08
2023-12-25 23:39:12.073,142,0.96, -0.04, 0.30, -0.06, -0.67, 3.60
2023-12-25 23:39:12.074,143,1.00, -0.05, 0.29, 1.04, 2.20, 1.46
2023-12-25 23:39:12.074,144,0.95, -0.03, 0.30, 1.22, 9.52, -5.07
2023-12-25 23:39:12.075,145,0.96, -0.04, 0.30, 0.61, 5.62, -1.46
2023-12-25 23:39:12.075,146,0.95, -0.03, 0.30, 1.16, 5.07, -0.92
2023-12-25 23:39:12.076,147,0.94, -0.02, 0.30, 0.98, 0.49, 2.32
2023-12-25 23:39:12.077,148,0.97, -0.03, 0.30, 0.06, -2.32, 5.13
2023-12-25 23:39:12.077,149,0.96, -0.03, 0.30, -0.43, -0.18, 3.42
2023-12-25 23:39:12.078,150,0.97, -0.04, 0.30, -1.22, 1.22, 2.99
2023-12-25 23:39:12.079,151,0.96, -0.04, 0.31, -1.53, 2.75, 2.38
2023-12-25 23:39:12.079,152,0.95, -0.05, 0.31, -1.40, 2.20, 3.05
2023-12-25 23:39:12.080,153,0.94, -0.05, 0.31, -0.92, -0.67, 5.49
2023-12-25 23:39:12.081,154,0.95, -0.06, 0.30, 0.06, -3.42, 7.32
2023-12-25 23:39:12.081,155,0.99, -0.07, 0.28, 0.67, -6.90, 10.38
2023-12-25 23:39:12.082,156,0.97, -0.05, 0.29, 2.62, 2.01, 3.23
2023-12-25 23:39:12.083,157,0.95, -0.05, 0.28, 2.38, 0.98, 3.72
2023-12-25 23:39:12.083,158,1.00, -0.06, 0.27, 3.54, 0.85, 4.58
2023-12-25 23:39:12.084,159,0.94, -0.04, 0.29, 5.55, 6.96, -0.37
2023-12-25 23:39:12.085,160,0.95, -0.02, 0.29, 6.90, 3.66, 2.50
2023-12-25 23:39:12.085,161,0.99, -0.02, 0.29, 8.91, 2.69, 5.74
2023-12-25 23:39:12.087,162,0.94, -0.01, 0.30, 12.76, 9.09, 2.50
2023-12-25 23:39:12.088,163,0.96, 0.02, 0.31, 19.78, 10.01, 7.08
2023-12-25 23:39:12.089,164,0.92, -0.02, 0.37, 24.17, 13.06, 12.51
2023-12-25 23:39:12.089,165,0.89, -0.06, 0.37, 34.85, 0.73, 19.71
2023-12-25 23:39:12.090,166,0.99, -0.08, 0.29, 46.02, -7.63, 26.61
2023-12-25 23:39:12.091,167,0.97, -0.08, 0.31, 51.39, 1.34, 20.63
2023-12-25 23:39:12.092,168,0.96, -0.07, 0.31, 44.07, 3.72, 18.19
2023-12-25 23:39:12.092,169,0.99, -0.09, 0.30, 35.95, 5.25, 14.10
2023-12-25 23:39:12.093,170,0.98, -0.09, 0.31, 31.86, 8.18, 9.03
2023-12-25 23:39:12.094,171,0.98, -0.07, 0.30, 33.08, 8.67, 5.86
2023-12-25 23:39:12.094,172,0.96, -0.04, 0.30, 34.06, 9.34, 4.39
2023-12-25 23:39:12.095,173,0.98, 0.01, 0.28, 37.96, 10.86, 4.39
2023-12-25 23:39:12.096,174,0.96, 0.02, 0.30, 35.34, 17.70, 4.03
2023-12-25 23:39:12.097,175,0.97, 0.04, 0.32, 26.67, 23.80, 3.54
2023-12-25 23:39:12.098,176,0.94, 0.02, 0.36, 13.98, 30.52, -1.28
2023-12-25 23:39:12.099,177,0.90, 0.02, 0.38, 7.69, 28.87, -4.39
2023-12-25 23:39:12.099,178,0.91, 0.01, 0.38, 7.08, 18.68, 2.08
2023-12-25 23:39:12.103,179,0.92, -0.02, 0.36, 9.09, 8.67, 13.18
2023-12-25 23:39:12.104,180,0.95, -0.04, 0.34, 11.35, 3.97, 20.45
2023-12-25 23:39:12.106,181,0.98, -0.05, 0.31, 12.82, 7.63, 19.71
2023-12-25 23:39:12.107,182,0.97, -0.06, 0.32, 10.13, 15.93, 19.04
2023-12-25 23:39:12.108,183,0.96, -0.07, 0.31, 7.69, 17.21, 18.43
2023-12-25 23:39:12.109,184,0.94, -0.12, 0.31, 5.92, 13.18, 19.41
2023-12-25 23:39:12.109,185,0.95, -0.13, 0.32, 9.09, 8.18, 20.26
2023-12-25 23:39:12.110,186,0.96, -0.12, 0.30, 11.84, 5.25, 23.74
2023-12-25 23:39:12.111,187,0.98, -0.16, 0.29, 12.88, 6.90, 31.80
2023-12-25 23:39:12.111,188,0.98, -0.16, 0.32, 15.50, 15.14, 28.93
2023-12-25 23:39:12.112,189,0.96, -0.15, 0.34, 16.54, 24.23, 8.42
2023-12-25 23:39:12.113,190,0.99, -0.08, 0.33, 16.60, 34.42, -9.70
2023-12-25 23:39:12.113,191,0.94, -0.06, 0.36, 10.56, 47.36, -18.43
2023-12-25 23:39:12.114,192,0.86, -0.03, 0.39, 7.20, 40.95, -17.27
2023-12-25 23:39:12.115,193,0.86, -0.02, 0.39, 3.54, 17.40, -2.08
2023-12-25 23:39:12.115,194,0.87, -0.02, 0.39, 2.14, 6.53, 6.65
2023-12-25 23:39:12.116,195,0.89, -0.03, 0.38, 2.08, -10.68, 17.94
2023-12-25 23:39:12.117,196,0.96, -0.03, 0.35, 1.34, -15.87, 21.36
2023-12-25 23:39:12.118,197,0.98, -0.06, 0.35, -1.53, -5.31, 12.63
2023-12-25 23:39:12.118,198,0.97, -0.06, 0.34, -2.56, 8.00, 2.69
2023-12-25 23:39:12.119,199,0.95, -0.07, 0.37, -4.15, 15.75, -2.14
2023-12-25 23:39:12.121,200,0.92, -0.07, 0.37, -3.11, 15.75, -3.78
2023-12-25 23:39:12.122,201,0.92, -0.06, 0.38, -0.43, 10.86, -2.38
2023-12-25 23:39:12.122,202,0.93, -0.06, 0.38, 0.67, 5.31, 1.83
2023-12-25 23:39:12.123,203,0.95, -0.05, 0.38, 2.44, 5.19, 0.61
2023-12-25 23:39:12.124,204,0.94, -0.05, 0.37, 3.23, 7.93, -0.37
2023-12-25 23:39:12.124,205,0.93, -0.05, 0.37, 3.85, 9.95, -0.43
2023-12-25 23:39:12.125,206,0.93, -0.05, 0.37, 3.11, 9.95, 0.00
2023-12-25 23:39:12.126,207,0.91, -0.05, 0.38, 1.28, 6.41, 4.27
2023-12-25 23:39:12.126,208,0.92, -0.06, 0.37, 0.73, -0.12, 8.61
2023-12-25 23:39:12.127,209,0.94, -0.07, 0.37, 1.65, -2.44, 10.31
2023-12-25 23:39:12.127,210,0.96, -0.06, 0.37, 1.59, 0.92, 7.39
2023-12-25 23:39:12.128,211,0.95, -0.06, 0.38, 2.01, 5.74, 2.81
2023-12-25 23:39:12.129,212,0.95, -0.06, 0.36, 4.33, 8.91, -0.43
2023-12-25 23:39:12.130,213,0.93, -0.06, 0.35, 3.85, 9.89, 1.77
2023-12-25 23:39:12.131,214,0.91, -0.07, 0.36, 2.38, 5.00, 5.31
2023-12-25 23:39:12.132,215,0.91, -0.07, 0.36, 2.01, 1.40, 8.12
2023-12-25 23:39:12.133,216,0.93, -0.08, 0.35, 0.24, -3.72, 14.10
2023-12-25 23:39:12.134,217,0.95, -0.09, 0.34, -0.43, -2.99, 14.40
2023-12-25 23:39:12.134,218,0.95, -0.08, 0.34, -2.81, 2.93, 7.87
2023-12-25 23:39:12.135,219,0.96, -0.09, 0.35, -5.68, 11.29, 5.25
2023-12-25 23:39:12.137,220,0.96, -0.10, 0.36, -5.55, 20.75, -3.11
2023-12-25 23:39:12.139,221,0.95, -0.09, 0.37, -4.33, 27.89, -9.34
2023-12-25 23:39:12.140,222,0.94, -0.08, 0.38, -2.81, 31.98, -13.67
2023-12-25 23:39:12.141,223,0.92, -0.06, 0.38, -0.85, 32.41, -12.70
2023-12-25 23:39:12.141,224,0.89, -0.06, 0.40, -4.21, 27.28, -10.44
2023-12-25 23:39:12.142,225,0.89, -0.05, 0.41, -4.09, 15.87, -4.09
2023-12-25 23:39:12.143,226,0.91, -0.05, 0.41, -4.76, 6.90, 2.08
2023-12-25 23:39:12.144,227,0.92, -0.05, 0.40, -4.82, 4.76, 4.33
2023-12-25 23:39:12.145,228,0.93, -0.05, 0.41, -6.53, 3.91, 5.49
2023-12-25 23:39:12.145,229,0.92, -0.06, 0.41, -6.35, 5.80, 1.46
2023-12-25 23:39:12.146,230,0.94, -0.06, 0.41, -3.85, 7.32, -0.98
2023-12-25 23:39:12.147,231,0.95, -0.05, 0.41, -2.38, 15.99, -6.84
2023-12-25 23:39:12.147,232,0.92, -0.04, 0.42, -2.20, 22.77, -11.47
2023-12-25 23:39:12.148,233,0.91, -0.03, 0.43, -2.44, 22.64, -11.72
2023-12-25 23:39:12.149,234,0.89, -0.03, 0.44, -2.26, 18.37, -8.00
2023-12-25 23:39:12.149,235,0.88, -0.03, 0.45, -2.69, 14.40, -5.19
2023-12-25 23:39:12.150,236,0.89, -0.04, 0.43, -2.81, 4.76, 2.01
2023-12-25 23:39:12.151,237,0.91, -0.06, 0.42, -2.50, 0.92, 4.39
2023-12-25 23:39:12.151,238,0.91, -0.06, 0.41, -2.62, 1.46, 3.54
2023-12-25 23:39:12.152,239,0.96, -0.08, 0.42, -2.69, 2.26, 1.71
2023-12-25 23:39:12.154,240,0.90, -0.05, 0.42, -0.06, 16.48, -10.13
2023-12-25 23:39:12.155,241,0.91, -0.05, 0.42, -1.89, 12.45, -6.47
2023-12-25 23:39:12.155,242,0.94, -0.05, 0.41, -0.31, 11.66, -6.04
2023-12-25 23:39:12.156,243,0.84, -0.02, 0.45, -1.59, 13.00, -4.76
2023-12-25 23:39:12.157,244,0.92, -0.07, 0.41, -2.50, -8.73, 14.04
2023-12-25 23:39:12.157,245,0.95, -0.07, 0.40, -1.71, -8.73, 13.79
2023-12-25 23:39:12.158,246,0.92, -0.05, 0.42, -1.53, -2.75, 9.34
2023-12-25 23:39:12.159,247,0.94, -0.06, 0.41, -2.14, -0.06, 6.65
2023-12-25 23:39:12.160,248,0.93, -0.05, 0.42, -2.81, 10.62, -2.44
2023-12-25 23:39:12.160,249,0.89, -0.03, 0.44, -2.08, 13.37, -5.37
2023-12-25 23:39:12.161,250,0.92, -0.06, 0.42, -2.81, 5.37, 3.78
2023-12-25 23:39:12.162,251,0.86, -0.11, 0.40, -0.31, 4.94, 4.15
2023-12-25 23:39:12.163,252,0.93, -0.08, 0.40, 1.16, -5.62, 8.67
2023-12-25 23:39:12.164,253,0.98, -0.11, 0.38, 2.38, 0.06, 4.33
2023-12-25 23:39:12.165,254,0.93, -0.08, 0.40, 2.14, 12.15, -5.13
2023-12-25 23:39:12.166,255,0.92, -0.08, 0.40, 0.55, 14.83, -7.32
2023-12-25 23:39:12.167,256,0.91, -0.07, 0.41, 0.49, 16.42, -9.77
2023-12-25 23:39:12.167,257,0.89, -0.06, 0.43, 0.61, 13.12, -7.08
2023-12-25 23:39:12.168,258,0.90, -0.05, 0.44, 2.20, 8.18, -3.36
2023-12-25 23:39:12.170,259,0.91, -0.04, 0.43, 4.39, 5.49, 0.24
2023-12-25 23:39:12.172,260,0.90, -0.04, 0.44, 4.46, 3.48, 3.36
2023-12-25 23:39:12.173,261,0.91, -0.04, 0.44, 4.27, 0.37, 5.49
2023-12-25 23:39:12.174,262,0.92, -0.05, 0.42, 2.75, -0.79, 7.14
2023-12-25 23:39:12.175,263,0.91, -0.04, 0.42, 2.44, 1.22, 4.88
2023-12-25 23:39:12.176,264,0.92, -0.03, 0.42, 1.65, 2.20, 3.85
2023-12-25 23:39:12.177,265,0.92, -0.02, 0.44, -1.10, 8.00, -0.92
2023-12-25 23:39:12.178,266,0.91, -0.01, 0.45, -2.14, 11.84, -3.85
2023-12-25 23:39:12.178,267,0.90, -0.01, 0.46, -2.69, 11.35, -4.33
2023-12-25 23:39:12.179,268,0.88, -0.02, 0.46, -3.11, 8.73, -3.36
2023-12-25 23:39:12.179,269,0.89, -0.02, 0.46, -3.11, 3.11, 1.34
2023-12-25 23:39:12.180,270,0.89, -0.02, 0.45, -5.55, -2.50, 4.58
2023-12-25 23:39:12.181,271,0.90, -0.05, 0.45, -6.71, -6.65, 7.08
2023-12-25 23:39:12.182,272,0.92, -0.06, 0.44, -3.60, -6.16, 6.90
2023-12-25 23:39:12.183,273,0.91, -0.05, 0.43, -1.95, -0.92, 3.30
2023-12-25 23:39:12.183,274,0.92, -0.05, 0.44, -3.66, 0.43, 2.93
2023-12-25 23:39:12.184,275,0.92, -0.08, 0.42, -4.33, 0.85, 3.48
2023-12-25 23:39:12.185,276,0.92, -0.07, 0.42, -1.59, 2.81, 0.67
2023-12-25 23:39:12.185,277,0.98, -0.13, 0.39, -0.43, 0.37, 5.19
2023-12-25 23:39:12.188,278,0.94, -0.06, 0.39, 0.61, 14.22, -6.59
2023-12-25 23:39:12.188,279,0.90, -0.04, 0.40, -9.09, 12.21, -7.39
2023-12-25 23:39:12.189,280,0.91, -0.03, 0.44, -18.86, 6.29, -16.66
2023-12-25 23:39:12.190,281,0.89, -0.03, 0.48, -20.45, 3.97, -17.64
2023-12-25 23:39:12.191,282,0.89, -0.02, 0.49, -14.04, 5.13, -13.31
2023-12-25 23:39:12.191,283,0.86, 0.01, 0.47, -7.93, 8.00, -9.64
2023-12-25 23:39:12.192,284,0.86, 0.01, 0.46, -8.91, 2.81, -8.00
2023-12-25 23:39:12.193,285,0.87, -0.02, 0.45, -14.89, -6.59, -5.00
2023-12-25 23:39:12.193,286,0.93, -0.02, 0.46, -18.37, -16.11, -5.07
2023-12-25 23:39:12.194,287,0.93, -0.03, 0.46, -12.27, -6.53, -3.91
2023-12-25 23:39:12.195,288,0.89, -0.07, 0.46, -9.64, 2.44, -1.53
2023-12-25 23:39:12.195,289,0.92, -0.08, 0.41, -2.01, -2.01, 4.15
2023-12-25 23:39:12.196,290,0.91, -0.06, 0.40, 0.67, 1.77, 6.59
2023-12-25 23:39:12.197,291,0.92, -0.08, 0.40, 1.10, -1.16, 13.61
2023-12-25 23:39:12.198,292,0.95, -0.07, 0.40, -0.24, 1.40, 10.07
2023-12-25 23:39:12.199,293,0.93, -0.06, 0.41, -3.30, 6.04, 6.71
2023-12-25 23:39:12.200,294,0.92, -0.07, 0.42, -3.60, 7.45, 0.37
2023-12-25 23:39:12.201,295,0.93, -0.06, 0.41, -3.05, 7.69, -0.55
2023-12-25 23:39:12.201,296,0.91, -0.06, 0.43, -2.20, 10.07, -0.24
2023-12-25 23:39:12.202,297,0.89, -0.05, 0.44, -2.08, 8.48, 0.00
2023-12-25 23:39:12.205,298,0.89, -0.04, 0.44, -1.65, 4.88, 0.37
2023-12-25 23:39:12.206,299,0.89, -0.03, 0.44, -4.39, 3.54, -1.16
2023-12-25 23:39:12.207,300,0.89, -0.03, 0.44, -5.80, 0.73, 0.24
2023-12-25 23:39:12.209,301,0.91, -0.04, 0.44, -5.37, -1.83, 2.26
2023-12-25 23:39:12.209,302,0.91, -0.04, 0.44, -4.94, -2.44, 2.99
2023-12-25 23:39:12.210,303,0.92, -0.04, 0.44, -4.64, -2.44, 2.69
2023-12-25 23:39:12.211,304,0.93, -0.04, 0.44, -4.27, -0.06, 1.10
2023-12-25 23:39:12.211,305,0.91, -0.05, 0.43, -4.70, 3.97, -1.77
2023-12-25 23:39:12.212,306,0.91, -0.05, 0.43, -4.21, 4.88, -1.77
2023-12-25 23:39:12.213,307,0.89, -0.05, 0.44, -4.09, 3.30, -0.79
2023-12-25 23:39:12.214,308,0.89, -0.06, 0.44, -4.15, -3.48, 4.58
2023-12-25 23:39:12.214,309,0.91, -0.07, 0.43, -3.85, -8.91, 7.87
2023-12-25 23:39:12.215,310,0.92, -0.06, 0.42, -3.05, -9.95, 8.79
2023-12-25 23:39:12.216,311,0.92, -0.07, 0.42, -4.27, -8.61, 8.42
2023-12-25 23:39:12.217,312,0.92, -0.07, 0.42, -5.19, -7.45, 7.57
2023-12-25 23:39:12.218,313,0.91, -0.07, 0.42, -5.25, -7.57, 8.12
2023-12-25 23:39:12.218,314,0.92, -0.07, 0.42, -4.52, -7.57, 6.65
2023-12-25 23:39:12.220,315,0.91, -0.07, 0.42, -4.27, -6.84, 5.62
2023-12-25 23:39:12.221,316,0.92, -0.06, 0.40, -3.85, -5.92, 4.15
2023-12-25 23:39:12.222,317,0.92, -0.06, 0.40, -3.91, -3.48, 3.23
2023-12-25 23:39:12.223,318,0.92, -0.06, 0.42, -3.72, -1.71, 2.75
2023-12-25 23:39:12.224,319,0.92, -0.06, 0.41, -3.72, -2.56,  .88, -0.54, 0.14, -7.75, 1.77, 8.61
2023-12-25 23:39:12.224,320,-0.06, 3.48
2023-12-25 23:39:12.225,321,0.87, -0.53, 0.13, -5.37, 0.55, 3.85
2023-12-25 23:39:12.226,322,0.87, -0.53, 0.13, -6.77, 0.37, 6.71
2023-12-25 23:39:12.226,323,0.88, -0.54, 0.14, -7.75, 1.77, 8.61
2023-12-25 23:39:12.227,324,0.88, -0..48
2023-12-25 23:39:12.227,325,0.87, -0.53, 0.13, -5.37, 0.55, 3.85
2023-12-25 23:39:12.228,326,0.87, -0.53, 0.13, -6.77, 0.37, 6.71
2023-12-25 23:39:12.228,327,0.88, -0.54, 0.14, -7.75, 1.77, 8.61
2023-12-25 23:39:12.229,328,0.88, -0.55, 0.15, -8.36, 3.85, 10.50
2023-12-25 23:39:12.230,329,0.89, -0.57, 0.16, -9.03, 5.68, 11.66
2023-12-25 23:39:12.230,330,0.91, -0.60, 0.18, -9.70, 7.57, 12.27
2023-12-25 23:39:12.231,331,0.91, -0.62, 0.18, -9.89, 8.73, 12.94
2023-12-25 23:39:12.232,332,0.93, -0.65, 0.22, -9.58, 11.11, 13.43
2023-12-25 23:39:12.233,333,0.95, -0.67, 0.25, -7.87, 13.79, 13.12
2023-12-25 23:39:12.234,334,0.96, -0.69, 0.28, -4.21, 17.27, 13.37
2023-12-25 23:39:12.235,335,0.97, -0.71, 0.31, 0.92, 21.55, 14.47
2023-12-25 23:39:12.238,336,0.97, -0.72, 0.34, 7.14, 26.43, 13.12
2023-12-25 23:39:12.239,337,0.97, -0.72, 0.34, 13.98, 30.64, 10.68
2023-12-25 23:39:12.240,338,0.97, -0.71, 0.34, 20.81, 33.39, 5.92
2023-12-25 23:39:12.241,339,0.96, -0.70, 0.33, 25.76, 34.00, 1.71
2023-12-25 23:39:12.242,340,0.95, -0.67, 0.31, 28.87, 32.84, -1.71
2023-12-25 23:39:12.242,341,0.94, -0.66, 0.29, 29.79, 31.37, -4.94
2023-12-25 23:39:12.244,342,0.93, -0.63, 0.27, 29.36, 30.52, -8.36
2023-12-25 23:39:12.245,343,0.91, -0.62, 0.25, 29.30, 31.37, -12.88
2023-12-25 23:39:12.247,344,0.90, -0.60, 0.25, 29.72, 32.23, -15.20
2023-12-25 23:39:12.248,345,0.88, -0.58, 0.24, 31.86, 34.36, -17.76
2023-12-25 23:39:12.249,346,0.87, -0.56, 0.24, 34.61, 35.34, -17.52
2023-12-25 23:39:12.250,347,0.86, -0.54, 0.22, 37.66, 36.07, -18.01
2023-12-25 23:39:12.251,348,0.84, -0.52, 0.21, 40.77, 35.95, -19.59
2023-12-25 23:39:12.251,349,0.82, -0.49, 0.20, 43.88, 35.03, -20.69
2023-12-25 23:39:12.254,350,0.79, -0.45, 0.19, 46.33, 33.81, -20.87
2023-12-25 23:39:12.262,740,0.77, -0.42, 0.18, 47.42, 32.53, -21.00
2023-12-25 23:39:12.272,1460,0.75, -0.39, 0.17, 46.51, 31.68, -21.73
2023-12-25 23:39:12.283,2031,0.73, -0.35, 0.17, 44.37, 31.37, -23.44
2023-12-25 23:39:12.292,2106,0.72, -0.32, 0.16, 41.20, 29.85, -23.99
2023-12-25 23:39:12.301,2486,0.69, -0.28, 0.16, 37.96, 27.28, -23.07
2023-12-25 23:39:12.311,2764,0.68, -0.27, 0.16, 36.13, 24.72, -21.73
2023-12-25 23:39:12.320,2973,0.66, -0.24, 0.15, 32.23, 19.53, -20.32
2023-12-25 23:39:12.331,3765,0.64, -0.21, 0.14, 28.02, 16.24, -18.86
2023-12-25 23:39:12.340,4085,0.63, -0.19, 0.13, 23.13, 11.66, -16.42
2023-12-25 23:39:12.348,4475,0.61, -0.17, 0.13, 18.01, 6.77, -12.63
2023-12-25 23:39:12.360,5202,0.60, -0.16, 0.11, 12.51, 2.01, -8.00
2023-12-25 23:39:12.370,5638,0.59, -0.13, 0.10, 6.59, -2.87, -3.54
2023-12-25 23:39:12.377,5723,0.58, -0.12, 0.09, 0.00, -8.67, 1.53
2023-12-25 23:39:12.389,6664,0.57, -0.09, 0.07, -6.10, -13.49, 6.10
2023-12-25 23:39:12.397,7190,0.56, -0.08, 0.06, -11.96, -18.25, 11.66
2023-12-25 23:39:12.406,7625,0.55, -0.06, 0.04, -18.74, -23.38, 17.82
2023-12-25 23:39:12.417,8418,0.54, -0.06, 0.02, -25.33, -27.71, 22.52
2023-12-25 23:39:12.426,8676,0.54, -0.06, 0.01, -33.39, -34.18, 28.14
2023-12-25 23:39:12.435,8761,0.54, -0.07, -0.00, -37.96, -37.90, 31.43
2023-12-25 23:39:12.444,8941,0.55, -0.10, -0.03, -48.40, -46.94, 38.57
2023-12-25 23:39:12.455,9264,0.58, -0.14, -0.03, -59.45, -56.95, 44.56
2023-12-25 23:39:12.463,9514,0.61, -0.18, -0.04, -70.37, -65.31, 49.87
2023-12-25 23:39:12.475,10289,0.67, -0.28, -0.05, -83.44, -74.04, 57.43
2023-12-25 23:39:12.484,10354,0.73, -0.36, -0.05, -95.83, -79.77, 63.84
2023-12-25 23:39:12.493,10466,0.79, -0.46, -0.02, -105.47, -81.05, 67.26
2023-12-25 23:39:12.504,10860,0.86, -0.55, -0.00, -111.08, -80.44, 69.52
2023-12-25 23:39:12.513,10925,0.92, -0.64, 0.01, -111.45, -74.71, 68.91
2023-12-25 23:39:12.523,11207,0.98, -0.73, 0.03, -108.76, -67.99, 69.46
2023-12-25 23:39:12.532,11536,1.04, -0.85, 0.04, -105.04, -61.16, 72.27
2023-12-25 23:39:12.541,11876,1.09, -0.97, 0.07, -100.46, -52.61, 76.11
2023-12-25 23:39:12.552,12633,1.14, -1.08, 0.10, -94.06, -43.70, 77.70
2023-12-25 23:39:12.561,12927,1.17, -1.13, 0.12, -90.45, -39.06, 76.90
2023-12-25 23:39:12.571,13411,1.21, -1.22, 0.16, -82.21, -28.20, 71.84
2023-12-25 23:39:12.581,14182,1.23, -1.27, 0.19, -71.78, -15.44, 61.16
2023-12-25 23:39:12.590,14698,1.24, -1.30, 0.23, -58.96, -1.53, 48.03
2023-12-25 23:39:12.598,15130,1.24, -1.31, 0.26, -44.92, 12.51, 36.62
2023-12-25 23:39:12.610,15952,1.23, -1.30, 0.28, -31.01, 24.78, 27.89
2023-12-25 23:39:12.619,16355,1.20, -1.29, 0.29, -16.05, 35.28, 19.53
2023-12-25 23:39:12.627,17065,1.17, -1.26, 0.29, -1.04, 43.33, 9.83
2023-12-25 23:39:12.639,17860,1.14, -1.24, 0.28, 11.84, 48.89, 1.83
2023-12-25 23:39:12.647,18323,1.11, -1.21, 0.25, 22.03, 51.94, -3.85
2023-12-25 23:39:12.656,18507,1.08, -1.17, 0.24, 31.01, 56.09, -9.22
2023-12-25 23:39:12.667,18996,1.05, -1.12, 0.21, 39.18, 60.49, -15.44
2023-12-25 23:39:12.676,19337,1.04, -1.10, 0.19, 42.79, 62.44, -18.92
2023-12-25 23:39:12.684,19798,1.00, -1.03, 0.16, 49.68, 66.35, -27.04
2023-12-25 23:39:12.696,20492,0.96, -0.96, 0.13, 56.15, 69.89, -34.61
2023-12-25 23:39:12.704,20979,0.93, -0.89, 0.10, 60.97, 71.59, -42.05
2023-12-25 23:39:12.713,21898,0.88, -0.81, 0.08, 64.64, 74.40, -48.58
2023-12-25 23:39:12.725,22436,0.84, -0.72, 0.07, 66.89, 77.27, -53.28
2023-12-25 23:39:12.733,22811,0.79, -0.64, 0.06, 68.85, 80.02, -60.06
2023-12-25 23:39:12.742,23616,0.74, -0.58, 0.05, 69.15, 80.14, -62.50
2023-12-25 23:39:12.754,24530,0.70, -0.51, 0.05, 69.03, 77.45, -64.27
2023-12-25 23:39:12.762,24751,0.66, -0.45, 0.05, 69.15, 75.13, -64.82
2023-12-25 23:39:12.771,25662,0.63, -0.39, 0.05, 68.91, 71.96, -62.74
2023-12-25 23:39:12.782,26308,0.59, -0.33, 0.05, 67.93, 69.21, -60.91
2023-12-25 23:39:12.791,26707,0.55, -0.28, 0.05, 66.83, 66.41, -61.28
2023-12-25 23:39:12.803,27272,0.52, -0.22, 0.05, 64.58, 64.03, -60.55
2023-12-25 23:39:12.811,27590,0.49, -0.17, 0.06, 61.22, 60.12, -58.23
2023-12-25 23:39:12.826,28040,0.48, -0.15, 0.06, 58.84, 56.82, -56.34
2023-12-25 23:39:12.831,28052,0.45, -0.11, 0.07, 52.73, 49.62, -52.49
2023-12-25 23:39:12.840,28236,0.42, -0.08, 0.08, 45.65, 42.97, -48.52
2023-12-25 23:39:12.848,28612,0.39, -0.05, 0.09, 39.92, 33.51, -37.90
2023-12-25 23:39:12.856,28904,0.38, -0.02, 0.10, 34.67, 23.99, -28.50
2023-12-25 23:39:12.868,29346,0.36, 0.01, 0.10, 29.48, 14.95, -19.65
2023-12-25 23:39:12.876,29572,0.36, 0.04, 0.10, 24.17, 2.20, -10.13
2023-12-25 23:39:12.884,30418,0.37, 0.07, 0.11, 16.91, -9.70, -0.98
2023-12-25 23:39:12.896,31116,0.39, 0.09, 0.11, 7.02, -22.09, 7.57
2023-12-25 23:39:12.905,31397,0.41, 0.09, 0.11, -6.59, -36.50, 16.17
2023-12-25 23:39:12.913,32322,0.44, 0.41, 0.11, -17.46, -44.01, 31.31
2023-12-25 23:39:12.925,33051,0.44, -0.31, 0.10, -39.06, -49.01, 52.86
2023-12-25 23:39:12.934,33326,0.52, 0.09, 0.14, -46.26, -60.00, 21.48
2023-12-25 23:39:12.945,33952,0.53, -0.04, 0.07, -67.81, -79.96, 49.32
2023-12-25 23:39:12.956,34058,0.62, -0.11, 0.06, -82.40, -86.06, 56.58
2023-12-25 23:39:12.963,34116,0.70, -0.21, 0.04, -96.25, -97.72, 66.47
2023-12-25 23:39:12.974,34511,0.79, -0.30, 0.03, -108.34, -105.65, 74.52
2023-12-25 23:39:12.982,34811,0.87, -0.40, 0.00, -114.81, -108.09, 82.03
2023-12-25 23:39:12.991,35586,0.95, -0.51, -0.01, -117.31, -107.54, 90.39
2023-12-25 23:39:13.003,36397,1.03, -0.62, -0.03, -114.07, -98.75, 96.19
2023-12-25 23:39:13.011,36699,1.10, -0.74, -0.03, -106.26, -84.35, 102.72
2023-12-25 23:39:13.023,37555,1.15, -0.88, -0.03, -98.57, -69.82, 110.11
2023-12-25 23:39:13.032,38006,1.20, -1.04, 0.00, -94.30, -55.24, 113.10
2023-12-25 23:39:13.041,38279,1.23, -1.21, 0.02, -91.61, -40.34, 108.28
2023-12-25 23:39:13.052,38787,1.25, -1.34, 0.05, -86.36, -24.78, 94.97
2023-12-25 23:39:13.060,39113,1.26, -1.44, 0.09, -77.76, -9.95, 80.63
2023-12-25 23:39:13.069,39842,1.25, -1.50, 0.13, -64.76, 5.19, 65.67
2023-12-25 23:39:13.078,40317,1.23, -1.51, 0.17, -45.53, 23.25, 50.84
2023-12-25 23:39:13.089,41038,1.21, -1.51, 0.20, -34.24, 32.10, 44.37
2023-12-25 23:39:13.103,41500,1.18, -1.50, 0.24, -11.60, 48.65, 34.73
2023-12-25 23:39:13.111,41526,1.13, -1.48, 0.26, 8.67, 61.16, 23.86
2023-12-25 23:39:13.118,41591,1.09, -1.43, 0.28, 24.72, 70.43, 9.70
2023-12-25 23:39:13.127,41644,1.03, -1.35, 0.30, 36.01, 75.74, -4.39
2023-12-25 23:39:13.138,42047,0.98, -1.26, 0.28, 44.07, 78.31, -19.29
2023-12-25 23:39:13.148,42447,0.93, -1.18, 0.25, 49.80, 78.55, -34.36
2023-12-25 23:39:13.158,42574,0.88, -1.08, 0.21, 54.69, 76.35, -46.14
2023-12-25 23:39:13.167,42723,0.83, -0.98, 0.17, 60.61, 73.55, -50.72
2023-12-25 23:39:13.175,42802,0.79, -0.88, 0.16, 67.93, 71.66, -50.96
2023-12-25 23:39:13.184,43367,0.76, -0.81, 0.13, 74.04, 68.97, -53.10
2023-12-25 23:39:13.196,44058,0.71, -0.72, 0.12, 77.70, 69.03, -58.23
2023-12-25 23:39:13.207,44136,0.69, -0.68, 0.12, 78.92, 68.79, -61.83
2023-12-25 23:39:13.216,44376,0.66, -0.58, 0.11, 79.59, 67.20, -69.09
2023-12-25 23:39:13.224,44536,0.61, -0.50, 0.10, 77.64, 64.88, -72.88
2023-12-25 23:39:13.233,44879,0.57, -0.41, 0.10, 75.62, 62.26, -75.56
2023-12-25 23:39:13.244,45452,0.54, -0.33, 0.11, 74.40, 58.90, -73.79
2023-12-25 23:39:13.253,45757,0.50, -0.26, 0.12, 73.79, 55.85, -70.19
2023-12-25 23:39:13.261,46631,0.47, -0.20, 0.12, 72.94, 53.34, -66.71
2023-12-25 23:39:13.273,47560,0.45, -0.14, 0.14, 70.86, 49.62, -61.77
2023-12-25 23:39:13.282,48016,0.42, -0.09, 0.15, 66.77, 43.88, -54.75
2023-12-25 23:39:13.290,48745,0.40, -0.07, 0.15, 60.30, 35.64, -46.02
2023-12-25 23:39:13.302,49721,0.38, -0.03, 0.16, 52.37, 27.16, -38.27
2023-12-25 23:39:13.312,50087,0.37, -0.01, 0.17, 42.36, 18.25, -32.47
2023-12-25 23:39:13.319,50236,0.37, 0.01, 0.17, 36.80, 13.37, -30.58
2023-12-25 23:39:13.331,51048,0.37, 0.06, 0.18, 25.76, 4.46, -26.86
2023-12-25 23:39:13.343,51153,0.36, 0.11, 0.19, 14.89, -7.08, -22.40
2023-12-25 23:39:13.352,51154,0.36, 0.14, 0.17, 3.72, -20.08, -16.24
2023-12-25 23:39:13.359,51259,0.38, 0.18, 0.16, -8.18, -34.12, -7.26
2023-12-25 23:39:13.368,51390,0.41, 0.19, 0.15, -22.22, -47.97, 7.51
2023-12-25 23:39:13.376,51868,0.45, 0.19, 0.13, -37.66, -60.36, 23.93
2023-12-25 23:39:13.388,52594,0.50, 0.15, 0.10, -55.05, -69.82, 43.70
2023-12-25 23:39:13.396,52874,0.57, 0.07, 0.06, -74.10, -77.33, 62.99
2023-12-25 23:39:13.405,53746,0.64, -0.04, 0.02, -94.24, -86.00, 78.61
2023-12-25 23:39:13.417,54420,0.73, -0.19, -0.03, -114.44, -95.15, 91.98
2023-12-25 23:39:13.425,54645,0.82, -0.34, -0.06, -132.45, -100.40, 104.06
2023-12-25 23:39:13.437,55343,0.91, -0.53, -0.08, -144.71, -98.69, 116.64
2023-12-25 23:39:13.445,55769,1.00, -0.74, -0.10, -147.95, -89.23, 124.45
2023-12-25 23:39:13.455,56438,1.07, -0.92, -0.09, -142.52, -72.63, 125.55
2023-12-25 23:39:13.465,57158,1.14, -1.11, -0.09, -132.63, -54.63, 122.25
2023-12-25 23:39:13.474,57583,1.19, -1.28, -0.10, -120.00, -34.85, 112.61
2023-12-25 23:39:13.486,58321,1.22, -1.36, -0.10, -113.40, -24.90, 106.69
2023-12-25 23:39:13.494,58674,1.26, -1.48, -0.08, -98.63, -4.82, 91.92
2023-12-25 23:39:13.504,59149,1.28, -1.56, -0.04, -82.52, 13.37, 75.99
2023-12-25 23:39:13.515,60015,1.26, -1.62, 0.02, -64.82, 29.48, 59.51
2023-12-25 23:39:13.523,60317,1.24, -1.63, 0.09, -45.47, 46.39, 41.44
2023-12-25 23:39:13.532,60641,1.18, -1.62, 0.15, -25.51, 63.48, 24.23
2023-12-25 23:39:13.540,61309,1.13, -1.59, 0.20, -7.20, 76.35, 9.09
2023-12-25 23:39:13.551,62076,1.06, -1.52, 0.25, 11.35, 87.10, -5.80
2023-12-25 23:39:13.562,62372,1.00, -1.44, 0.27, 28.08, 92.35, -16.60
2023-12-25 23:39:13.572,62542,0.93, -1.36, 0.28, 42.85, 93.99, -27.34
2023-12-25 23:39:13.582,62736,0.87, -1.27, 0.28, 56.34, 93.57, -39.18
2023-12-25 23:39:13.590,62961,0.81, -1.19, 0.27, 66.53, 90.64, -49.32
2023-12-25 23:39:13.601,63649,0.79, -1.14, 0.26, 70.50, 88.87, -54.14
2023-12-25 23:39:13.611,64081,0.74, -1.06, 0.25, 77.03, 86.43, -63.42
2023-12-25 23:39:13.622,64259,0.69, -0.95, 0.26, 84.78, 86.36, -72.69
2023-12-25 23:39:13.630,64410,0.65, -0.87, 0.25, 91.86, 84.17, -77.45
2023-12-25 23:39:13.640,64571,0.61, -0.76, 0.25, 99.67, 84.05, -84.47
2023-12-25 23:39:13.648,64997,0.56, -0.64, 0.26, 107.85, 83.62, -87.46
2023-12-25 23:39:13.659,65300,0.52, -0.55, 0.26, 113.59, 78.86, -85.14
2023-12-25 23:39:13.669,65632,0.49, -0.47, 0.26, 115.23, 70.01, -80.57
2023-12-25 23:39:13.679,65749,0.45, -0.37, 0.28, 115.54, 60.85, -76.90
2023-12-25 23:39:13.690,65970,0.42, -0.29, 0.28, 114.75, 48.71, -69.64
2023-12-25 23:39:13.697,66046,0.40, -0.22, 0.28, 111.39, 37.48, -64.03
2023-12-25 23:39:13.708,66700,0.38, -0.16, 0.28, 106.57, 29.97, -61.71
2023-12-25 23:39:13.717,67191,0.38, -0.09, 0.29, 98.63, 22.89, -56.95
2023-12-25 23:39:13.725,67829,0.36, -0.04, 0.28, 88.75, 17.70, -51.88
2023-12-25 23:39:13.739,68516,0.35, -0.01, 0.29, 78.55, 12.63, -47.12
2023-12-25 23:39:13.745,68698,0.34, 0.04, 0.28, 67.38, 5.00, -39.92
2023-12-25 23:39:13.754,69122,0.33, 0.09, 0.29, 56.46, -3.78, -30.52
2023-12-25 23:39:13.765,69784,0.32, 0.11, 0.29, 51.39, -8.73, -24.84
2023-12-25 23:39:13.774,70304,0.31, 0.15, 0.28, 42.11, -20.63, -13.49
2023-12-25 23:39:13.782,70774,0.31, 0.19, 0.26, 33.14, -34.12, -3.97
2023-12-25 23:39:13.794,71451,0.31, 0.24, 0.23, 23.80, -47.55, 5.92
2023-12-25 23:39:13.802,71933,0.33, 0.28, 0.20, 13.00, -62.32, 18.80
2023-12-25 23:39:13.811,72310,0.36, 0.30, 0.16, -0.73, -76.72, 36.07
2023-12-25 23:39:13.822,73187,0.39, 0.31, 0.13, -17.40, -86.36, 52.49
2023-12-25 23:39:13.831,73459,0.43, 0.29, 0.10, -37.54, -93.93, 68.79
2023-12-25 23:39:13.840,73691,0.48, 0.22, 0.06, -60.67, -99.98, 84.05
2023-12-25 23:39:13.851,74557,0.54, 0.11, 0.02, -87.89, -106.93, 97.60
2023-12-25 23:39:13.860,74911,0.62, -0.02, -0.01, -115.54, -111.82, 108.95
2023-12-25 23:39:13.872,75674,0.65, -0.09, -0.02, -128.54, -113.22, 113.77
2023-12-25 23:39:13.880,76049,0.73, -0.25, -0.05, -151.73, -115.36, 124.39
2023-12-25 23:39:13.889,76505,0.80, -0.45, -0.08, -167.72, -115.11, 133.48
2023-12-25 23:39:13.901,77225,0.89, -0.68, -0.13, -173.65, -113.46, 141.36
2023-12-25 23:39:13.912,77565,0.99, -0.94, -0.18, -170.47, -107.54, 145.39
2023-12-25 23:39:13.926,77660,1.09, -1.18, -0.20, -159.48, -97.23, 146.85
2023-12-25 23:39:13.932,77661,1.19, -1.44, -0.24, -143.86, -82.89, 147.03
2023-12-25 23:39:13.942,77683,1.28, -1.67, -0.26, -123.78, -61.46, 138.24
2023-12-25 23:39:13.950,77847,1.35, -1.83, -0.26, -100.10, -34.48, 119.32
2023-12-25 23:39:13.958,78073,1.40, -1.94, -0.24, -76.42, -7.63, 93.44
2023-12-25 23:39:13.967,78707,1.41, -1.96, -0.18, -52.86, 20.63, 64.39
2023-12-25 23:39:13.979,79226,1.38, -1.93, -0.08, -29.66, 47.42, 36.19
2023-12-25 23:39:13.992,79422,1.31, -1.85, 0.01, -6.96, 69.70, 11.47
2023-12-25 23:39:13.996,79423,1.24, -1.74, 0.09, 14.16, 85.39, -8.73
2023-12-25 23:39:14.007,79730,1.15, -1.63, 0.14, 32.96, 94.24, -23.19
2023-12-25 23:39:14.015,80047,1.08, -1.52, 0.16, 49.99, 98.51, -33.69
2023-12-25 23:39:14.024,80347,1.05, -1.48, 0.15, 56.95, 97.96, -38.51
2023-12-25 23:39:14.037,81204,0.98, -1.40, 0.13, 68.05, 94.60, -47.55
2023-12-25 23:39:14.046,81237,0.93, -1.29, 0.12, 78.55, 93.75, -58.29
2023-12-25 23:39:14.055,81521,0.88, -1.19, 0.10, 87.59, 94.24, -66.35
2023-12-25 23:39:14.065,81773,0.82, -1.09, 0.08, 95.76, 97.84, -77.45
2023-12-25 23:39:14.073,81996,0.75, -0.95, 0.09, 105.83, 106.51, -92.65
2023-12-25 23:39:14.085,82846,0.68, -0.84, 0.08, 115.42, 113.71, -102.91
2023-12-25 23:39:14.093,83133,0.61, -0.72, 0.10, 122.25, 116.70, -106.75
2023-12-25 23:39:14.107,83592,0.55, -0.57, 0.14, 129.33, 120.67, -109.99
2023-12-25 23:39:14.114,83648,0.47, -0.45, 0.18, 134.22, 119.81, -109.74
2023-12-25 23:39:14.123,83792,0.38, -0.34, 0.21, 136.78, 111.69, -107.85
2023-12-25 23:39:14.134,84345,0.34, -0.23, 0.24, 135.07, 99.49, -105.83
2023-12-25 23:39:14.144,84420,0.29, -0.11, 0.27, 130.62, 89.11, -105.29
2023-12-25 23:39:14.152,84468,0.23, -0.01, 0.30, 124.08, 79.10, -100.77
2023-12-25 23:39:14.162,84770,0.19, 0.07, 0.32, 116.03, 65.80, -90.03
2023-12-25 23:39:14.175,85149,0.19, 0.27, 0.32, 104.80, 51.76, -77.27
2023-12-25 23:39:14.182,85259,0.16, 0.34, 0.35, 78.00, 35.28, -29.30
2023-12-25 23:39:14.191,85478,0.24, 0.45, 0.36, 69.58, 32.41, -42.85
2023-12-25 23:39:14.200,85746,0.19, 0.40, 0.40, 59.02, 22.16, -53.22
2023-12-25 23:39:14.208,86488,0.16, 0.34, 0.40, 43.64, 8.85, -25.09
2023-12-25 23:39:14.220,87271,0.19, 0.30, 0.41, 33.20, -3.78, -16.05
2023-12-25 23:39:14.228,87539,0.18, 0.34, 0.42, 21.79, -15.56, -3.17
2023-12-25 23:39:14.237,87971,0.18, 0.34, 0.42, 9.22, -28.99, 11.23
2023-12-25 23:39:14.245,88820,0.20, 0.33, 0.41, -4.15, -44.25, 24.29
2023-12-25 23:39:14.257,89555,0.23, 0.33, 0.39, -19.47, -62.26, 34.73
2023-12-25 23:39:14.265,89981,0.27, 0.30, 0.36, -38.51, -81.12, 47.49
2023-12-25 23:39:14.277,90794,0.32, 0.25, 0.33, -60.61, -96.62, 60.61
2023-12-25 23:39:14.286,91213,0.37, 0.17, 0.29, -84.11, -108.40, 74.95
2023-12-25 23:39:14.297,91427,0.45, 0.06, 0.27, -107.54, -116.82, 89.11
2023-12-25 23:39:14.306,91582,0.53, -0.08, 0.22, -130.62, -126.77, 104.61
2023-12-25 23:39:14.317,91764,0.58, -0.16, 0.19, -142.21, -132.32, 111.88
2023-12-25 23:39:14.326,92011,0.68, -0.33, 0.13, -161.74, -140.87, 120.06
2023-12-25 23:39:14.335,92353,0.79, -0.53, 0.05, -176.51, -146.06, 126.28
2023-12-25 23:39:14.343,92621,0.90, -0.75, -0.02, -183.04, -147.22, 130.86
2023-12-25 23:39:14.355,93438,1.01, -0.96, -0.11, -180.11, -144.17, 134.89
2023-12-25 23:39:14.364,93718,1.12, -1.16, -0.18, -164.31, -132.08, 137.63
2023-12-25 23:39:14.375,94506,1.23, -1.38, -0.28, -140.20, -114.32, 136.60
2023-12-25 23:39:14.385,95038,1.34, -1.60, -0.38, -113.22, -95.15, 126.40
2023-12-25 23:39:14.393,95220,1.46, -1.76, -0.43, -87.71, -71.47, 107.97
2023-12-25 23:39:14.404,96003,1.51, -1.86, -0.44, -65.06, -43.95, 86.06
2023-12-25 23:39:14.413,96509,1.55, -1.90, -0.42, -45.72, -14.40, 63.66
2023-12-25 23:39:14.422,97239,1.53, -1.87, -0.36, -27.77, 19.78, 38.94
2023-12-25 23:39:14.433,97752,1.46, -1.80, -0.28, -10.50, 52.80, 14.28
2023-12-25 23:39:14.441,98079,1.38, -1.69, -0.18, 5.37, 80.75, -6.35
2023-12-25 23:39:14.450,99073,1.29, -1.56, -0.08, 20.81, 103.45, -24.66
2023-12-25 23:39:14.462,99670,1.18, -1.47, -0.05, 32.71, 115.11, -34.61
2023-12-25 23:39:14.471,100012,1.10, -1.36, 0.01, 44.43, 119.20, -41.93
2023-12-25 23:39:14.481,100834,1.02, -1.29, 0.02, 53.65, 114.81, -43.82
2023-12-25 23:39:14.490,101258,0.94, -1.21, 0.03, 64.33, 109.86, -47.61
2023-12-25 23:39:14.499,101573,0.90, -1.17, 0.04, 70.31, 109.31, -51.82
2023-12-25 23:39:14.507,102327,0.82, -1.08, 0.06, 83.19, 112.12, -60.91
2023-12-25 23:39:14.520,102964,0.75, -0.98, 0.08, 95.76, 116.82, -71.11
2023-12-25 23:39:14.528,103116,0.66, -0.87, 0.13, 108.40, 124.45, -80.02
2023-12-25 23:39:14.539,103900,0.59, -0.77, 0.15, 116.58, 124.76, -84.66
2023-12-25 23:39:14.548,104384,0.51, -0.66, 0.21, 121.83, 124.88, -93.14
2023-12-25 23:39:14.557,104802,0.42, -0.54, 0.25, 124.21, 121.46, -100.83
2023-12-25 23:39:14.568,105415,0.35, -0.44, 0.29, 122.31, 113.40, -105.53
2023-12-25 23:39:14.578,105672,0.25, -0.31, 0.34, 121.15, 106.08, -109.56
2023-12-25 23:39:14.588,105859,0.20, -0.19, 0.40, 118.77, 92.96, -105.35
2023-12-25 23:39:14.597,105921,0.14, -0.10, 0.42, 114.50, 78.00, -95.58
2023-12-25 23:39:14.607,106055,0.11, -0.03, 0.44, 108.46, 60.30, -83.19
2023-12-25 23:39:14.617,106434,0.11, 0.05, 0.47, 102.48, 44.86, -72.14
2023-12-25 23:39:14.626,106715,0.10, 0.10, 0.50, 93.51, 30.64, -61.95
2023-12-25 23:39:14.635,107555,0.09, 0.16, 0.51, 82.09, 19.59, -54.93
2023-12-25 23:39:14.646,108117,0.08, 0.21, 0.52, 68.97, 8.54, -45.96
2023-12-25 23:39:14.655,108436,0.08, 0.25, 0.54, 55.36, -4.27, -32.23
2023-12-25 23:39:14.663,108848,0.09, 0.27, 0.54, 48.46, -11.54, -24.23
2023-12-25 23:39:14.674,109339,0.10, 0.30, 0.56, 35.83, -25.09, -8.67
2023-12-25 23:39:14.683,109829,0.11, 0.33, 0.56, 24.48, -38.82, 5.13
2023-12-25 23:39:14.691,110649,0.12, 0.36, 0.55, 14.10, -51.82, 18.55
2023-12-25 23:39:14.703,111329,0.13, 0.38, 0.53, 3.66, -64.58, 32.90
2023-12-25 23:39:14.712,111592,0.15, 0.40, 0.51, -7.45, -76.54, 50.29
2023-12-25 23:39:14.721,111979,0.17, 0.41, 0.49, -19.59, -86.98, 69.89
2023-12-25 23:39:14.731,112755,0.20, 0.38, 0.45, -34.18, -96.37, 92.16
2023-12-25 23:39:14.740,113110,0.24, 0.33, 0.41, -52.06, -104.49, 112.49
2023-12-25 23:39:14.752,113518,0.30, 0.24, 0.35, -72.63, -112.98, 128.60
2023-12-25 23:39:14.762,113635,0.35, 0.12, 0.27, -95.89, -121.83, 140.93
2023-12-25 23:39:14.772,113673,0.38, 0.04, 0.23, -107.97, -125.18, 145.20
2023-12-25 23:39:14.781,113817,0.47, -0.14, 0.13, -134.03, -133.61, 155.21
2023-12-25 23:39:14.790,113955,0.60, -0.40, -0.00, -165.53, -146.30, 169.07
2023-12-25 23:39:14.798,114117,0.76, -0.68, -0.15, -197.88, -160.58, 181.95
2023-12-25 23:39:14.810,114803,0.95, -1.05, -0.35, -221.19, -168.52, 189.82
2023-12-25 23:39:14.822,115213,1.21, -1.12, -0.52, -219.97, -180.54, 171.20
2023-12-25 23:39:14.830,115301,1.35, -1.85, -0.59, -206.18, -176.94, 188.48
2023-12-25 23:39:14.839,115443,1.55, -1.98, -0.89, -153.63, -155.70, 155.82
2023-12-25 23:39:14.847,115588,1.68, -2.23, -0.97, -100.77, -94.73, 113.89
2023-12-25 23:39:14.859,116160,1.71, -2.32, -0.89, -50.11, -27.04, 67.93
2023-12-25 23:39:14.867,116434,1.72, -2.25, -0.75, -16.24, 24.29, 38.09
2023-12-25 23:39:14.876,117031,1.63, -2.12, -0.54, 2.75, 69.64, 13.06
2023-12-25 23:39:14.888,117756,1.49, -1.91, -0.29, 16.91, 106.08, -17.27
2023-12-25 23:39:14.898,118173,1.33, -1.69, -0.11, 29.17, 133.00, -42.91
2023-12-25 23:39:14.909,118266,1.16, -1.51, 0.02, 39.61, 146.12, -56.03
2023-12-25 23:39:14.917,118342,1.04, -1.40, 0.07, 46.45, 139.47, -51.64
2023-12-25 23:39:14.925,118421,0.98, -1.35, 0.08, 51.88, 122.07, -43.27
2023-12-25 23:39:14.937,119063,0.93, -1.31, 0.08, 61.65, 112.67, -48.95
2023-12-25 23:39:14.945,119377,0.83, -1.25, 0.07, 73.24, 108.28, -67.69
2023-12-25 23:39:14.954,120149,0.76, -1.14, 0.07, 87.59, 113.59, -90.09
2023-12-25 23:39:14.966,120743,0.69, -1.03, 0.09, 100.16, 123.17, -103.70
2023-12-25 23:39:14.976,120824,0.61, -0.91, 0.13, 111.27, 133.91, -109.56
2023-12-25 23:39:14.986,121075,0.53, -0.77, 0.20, 121.64, 141.91, -112.12
2023-12-25 23:39:14.994,121220,0.49, -0.70, 0.23, 125.24, 142.88, -112.61
2023-12-25 23:39:15.005,122030,0.38, -0.57, 0.29, 130.68, 141.05, -115.48
2023-12-25 23:39:15.014,122674,0.29, -0.43, 0.32, 132.26, 130.31, -117.98
2023-12-25 23:39:15.023,123040,0.22, -0.29, 0.37, 132.02, 117.19, -116.09
2023-12-25 23:39:15.031,123279,0.15, -0.15, 0.41, 128.91, 101.20, -108.22
2023-12-25 23:39:15.043,124001,0.11, -0.04, 0.45, 123.96, 85.21, -98.45
2023-12-25 23:39:15.051,124262,0.06, 0.06, 0.48, 117.61, 72.39, -90.58
2023-12-25 23:39:15.060,125052,0.04, 0.13, 0.51, 110.05, 61.58, -82.76
2023-12-25 23:39:15.072,126013,0.02, 0.20, 0.54, 98.57, 49.62, -73.67
2023-12-25 23:39:15.081,126218,0.01, 0.25, 0.56, 83.01, 35.52, -63.60
2023-12-25 23:39:15.090,126682,0.01, 0.30, 0.57, 65.61, 20.20, -51.27
2023-12-25 23:39:15.100,127407,0.01, 0.34, 0.58, 47.97, 3.05, -36.38
2023-12-25 23:39:15.109,127811,0.02, 0.36, 0.58, 30.70, -14.83, -19.59
2023-12-25 23:39:15.120,128514,0.04, 0.38, 0.56, 15.75, -31.13, -1.28
2023-12-25 23:39:15.129,129020,0.05, 0.39, 0.56, 9.03, -39.18, 8.97
2023-12-25 23:39:15.138,129472,0.08, 0.39, 0.54, -3.42, -55.73, 31.49
2023-12-25 23:39:15.149,130252,0.12, 0.36, 0.51, -14.95, -71.47, 51.15
2023-12-25 23:39:15.158,130666,0.16, 0.33, 0.48, -26.92, -84.41, 66.71
2023-12-25 23:39:15.168,131082,0.22, 0.29, 0.44, -42.24, -97.23, 80.57
2023-12-25 23:39:15.181,131137,0.26, 0.22, 0.40, -60.73, -106.87, 91.19
2023-12-25 23:39:15.189,131152,0.32, 0.15, 0.37, -82.76, -116.09, 101.56
2023-12-25 23:39:15.196,131361,0.38, 0.03, 0.32, -105.53, -121.70, 108.28
2023-12-25 23:39:15.207,131687,0.47, -0.07, 0.27, -125.37, -122.56, 111.27
2023-12-25 23:39:15.216,132056,0.53, -0.20, 0.21, -145.02, -125.92, 118.29
2023-12-25 23:39:15.227,132726,0.59, -0.35, 0.12, -157.17, -126.89, 131.35
2023-12-25 23:39:15.236,133041,0.71, -0.52, 0.04, -159.55, -128.05, 152.28
2023-12-25 23:39:15.244,133806,0.84, -0.77, -0.05, -155.82, -132.39, 175.05
2023-12-25 23:39:15.256,134566,0.99, -1.09, -0.15, -141.85, -131.10, 182.31
2023-12-25 23:39:15.264,135039,1.14, -1.39, -0.26, -123.60, -125.73, 174.44
2023-12-25 23:39:15.273,135470,1.21, -1.54, -0.31, -114.69, -121.83, 165.34
2023-12-25 23:39:15.285,136427,1.34, -1.80, -0.42, -96.62, -107.54, 137.57
2023-12-25 23:39:15.293,136625,1.46, -2.01, -0.52, -81.97, -88.99, 107.54
2023-12-25 23:39:15.305,137620,1.55, -2.15, -0.60, -71.66, -67.32, 80.38
2023-12-25 23:39:15.318,138157,1.61, -2.22, -0.62, -56.88, -38.39, 50.72
2023-12-25 23:39:15.325,138158,1.62, -2.18, -0.58, -33.94, -1.04, 20.94
2023-12-25 23:39:15.334,138309,1.57, -2.08, -0.50, -4.76, 39.79, -5.62
2023-12-25 23:39:15.342,138478,1.48, -1.93, -0.38, 27.40, 78.06, -29.30
2023-12-25 23:39:15.355,138799,1.37, -1.76, -0.27, 54.20, 106.93, -47.49
2023-12-25 23:39:15.362,138867,1.25, -1.60, -0.17, 72.81, 126.53, -62.32
2023-12-25 23:39:15.372,139099,1.12, -1.49, -0.13, 83.13, 135.07, -73.55
2023-12-25 23:39:15.380,139550,1.05, -1.38, -0.11, 87.04, 134.70, -81.60
2023-12-25 23:39:15.392,140132,0.95, -1.30, -0.10, 88.99, 134.40, -91.00
2023-12-25 23:39:15.401,140177,0.85, -1.15, -0.04, 97.17, 142.82, -105.22
2023-12-25 23:39:15.412,140358,0.73, -0.99, 0.03, 110.78, 155.09, -114.32
2023-12-25 23:39:15.423,140564,0.61, -0.85, 0.09, 125.49, 169.25, -121.64
2023-12-25 23:39:15.431,140697,0.49, -0.70, 0.15, 138.98, 181.21, -132.45
2023-12-25 23:39:15.440,140958,0.36, -0.54, 0.21, 147.95, 187.13, -142.21
2023-12-25 23:39:15.450,141128,0.27, -0.37, 0.29, 149.78, 183.53, -150.02
2023-12-25 23:39:15.461,141623,0.16, -0.21, 0.36, 146.18, 175.17, -152.28
2023-12-25 23:39:15.470,141935,0.06, -0.07, 0.40, 138.24, 157.35, -147.22
2023-12-25 23:39:15.478,142147,-0.04, 0.06, 0.44, 128.11, 137.76, -134.34
2023-12-25 23:39:15.489,143074,-0.05, 0.18, 0.41, 122.50, 129.39, -122.13
2023-12-25 23:39:15.501,143551,-0.09, 0.15, 0.58, 104.13, 119.32, -87.65
2023-12-25 23:39:15.508,143665,-0.10, 0.29, 0.60, 97.96, 84.78, -62.62
2023-12-25 23:39:15.518,143968,-0.12, 0.31, 0.61, 79.65, 57.50, -40.10
2023-12-25 23:39:15.527,144129,-0.11, 0.33, 0.63, 66.28, 40.71, -31.68
2023-12-25 23:39:15.535,144381,-0.13, 0.37, 0.65, 52.12, 25.09, -28.63
2023-12-25 23:39:15.547,145060,-0.13, 0.41, 0.66, 37.66, 5.55, -16.42
2023-12-25 23:39:15.555,145576,-0.08, 0.41, 0.65, 22.03, -16.24, 2.38
2023-12-25 23:39:15.564,146546,-0.04, 0.41, 0.62, 6.23, -36.38, 21.48
2023-12-25 23:39:15.576,147107,0.01, 0.39, 0.60, -10.07, -56.09, 42.18
2023-12-25 23:39:15.584,147547,0.07, 0.35, 0.58, -25.70, -70.62, 60.73
2023-12-25 23:39:15.592,148253,0.12, 0.29, 0.56, -42.72, -84.17, 80.14
2023-12-25 23:39:15.604,149055,0.18, 0.22, 0.54, -58.90, -94.30, 97.41
2023-12-25 23:39:15.612,149416,0.21, 0.19, 0.53, -66.41, -98.69, 105.41
2023-12-25 23:39:15.625,150274,0.27, 0.09, 0.50, -80.81, -106.69, 120.36
2023-12-25 23:39:15.633,150796,0.32, -0.01, 0.48, -92.71, -114.44, 130.25
2023-12-25 23:39:15.642,151434,0.39, -0.14, 0.45, -103.76, -123.60, 134.89
2023-12-25 23:39:15.654,151951,0.46, -0.28, 0.41, -115.42, -136.23, 134.09
2023-12-25 23:39:15.662,152200,0.55, -0.41, 0.35, -126.65, -148.50, 126.95
2023-12-25 23:39:15.674,152923,0.63, -0.54, 0.30, -136.54, -158.87, 117.31
2023-12-25 23:39:15.682,153338,0.74, -0.69, 0.19, -145.20, -169.98, 111.63
2023-12-25 23:39:15.691,153761,0.86, -0.84, 0.09, -147.34, -176.09, 108.89
2023-12-25 23:39:15.703,154703,0.95, -0.96, 0.01, -137.88, -174.07, 107.85
2023-12-25 23:39:15.712,154981,1.06, -1.09, -0.08, -117.43, -163.09, 108.70
2023-12-25 23:39:15.723,155860,1.19, -1.27, -0.19, -98.08, -154.42, 113.40
2023-12-25 23:39:15.731,156374,1.26, -1.44, -0.30, -78.67, -139.89, 107.67
2023-12-25 23:39:15.740,156783,1.39, -1.65, -0.42, -68.91, -131.65, 101.14
2023-12-25 23:39:15.752,157442,1.51, -1.84, -0.52, -66.77, -118.23, 85.33
2023-12-25 23:39:15.760,157763,1.59, -1.97, -0.59, -65.61, -93.26, 58.84
2023-12-25 23:39:15.769,158753,1.63, -2.02, -0.61, -59.02, -56.27, 25.57
2023-12-25 23:39:15.781,159184,1.62, -1.98, -0.58, -39.98, -7.32, -13.24
2023-12-25 23:39:15.789,159631,1.58, -1.88, -0.52, -11.72, 42.54, -46.69
2023-12-25 23:39:15.799,160027,1.51, -1.76, -0.44, 18.80, 83.07, -70.37
2023-12-25 23:39:15.812,160104,1.48, -1.70, -0.40, 32.71, 100.10, -78.74
2023-12-25 23:39:15.820,160122,1.41, -1.60, -0.32, 54.63, 127.26, -90.70
2023-12-25 23:39:15.829,160171,1.29, -1.46, -0.23, 71.59, 152.89, -104.68
2023-12-25 23:39:15.839,160272,1.17, -1.32, -0.15, 84.53, 173.58, -116.52
2023-12-25 23:39:15.847,160392,1.06, -1.20, -0.08, 89.60, 180.60, -120.54
2023-12-25 23:39:15.858,160778,0.94, -1.06, -0.01, 91.92, 184.08, -124.88
2023-12-25 23:39:15.866,161084,0.82, -0.91, 0.08, 97.17, 190.25, -130.19
2023-12-25 23:39:15.878,161432,0.71, -0.80, 0.15, 103.33, 200.13, -135.80
2023-12-25 23:39:15.887,161543,0.54, -0.69, 0.22, 108.09, 206.42, -146.36
2023-12-25 23:39:15.896,161635,0.42, -0.54, 0.29, 112.61, 204.41, -153.87
2023-12-25 23:39:15.904,162075,0.32, -0.45, 0.33, 112.98, 193.97, -151.00
2023-12-25 23:39:15.915,162727,0.22, -0.33, 0.39, 112.18, 181.88, -145.63
2023-12-25 23:39:15.924,163034,0.11, -0.20, 0.45, 114.38, 171.51, -139.40
2023-12-25 23:39:15.936,163904,0.01, -0.10, 0.50, 115.66, 153.44, -126.16
2023-12-25 23:39:15.944,164272,-0.05, -0.02, 0.55, 114.01, 133.36, -116.09
2023-12-25 23:39:15.954,165109,-0.10, 0.09, 0.59, 108.09, 112.18, -111.08
2023-12-25 23:39:15.964,165805,-0.14, 1.24, 0.70, 95.28, 97.66, -97.60
2023-12-25 23:39:15.975,166302,-0.06, -0.34, 0.61, 67.44, 68.12, -33.69
2023-12-25 23:39:15.987,166418,-0.09, 1.09, 0.69, 93.02, 82.52, -119.38
2023-12-25 23:39:15.994,166453,-0.25, -0.22, 0.69, 51.64, 45.65, -31.43
2023-12-25 23:39:16.003,166579,-0.27, 0.92, 0.71, 56.88, 26.92, -62.99
2023-12-25 23:39:16.013,166960,-0.23, 0.31, 0.70, 33.63, -1.89, 0.06
2023-12-25 23:39:16.022,167235,-0.18, 0.43, 0.73, 27.10, -20.87, 11.78
2023-12-25 23:39:16.031,167488,-0.16, 0.50, 0.69, 15.69, -45.29, 28.75
2023-12-25 23:39:16.042,168014,-0.10, 0.47, 0.67, 0.67, -67.08, 46.51
2023-12-25 23:39:16.051,168504,-0.05, 0.44, 0.64, -13.67, -84.59, 56.09
2023-12-25 23:39:16.059,168659,0.02, 0.41, 0.62, -30.09, -100.34, 65.86
2023-12-25 23:39:16.071,169601,0.08, 0.36, 0.58, -48.40, -114.87, 77.70
2023-12-25 23:39:16.081,170100,0.17, 0.28, 0.55, -67.57, -128.30, 87.10
2023-12-25 23:39:16.091,170143,0.25, 0.20, 0.52, -86.55, -140.20, 93.51
2023-12-25 23:39:16.100,170326,0.34, 0.11, 0.47, -103.58, -151.67, 100.59
2023-12-25 23:39:16.108,170465,0.38, 0.06, 0.44, -111.69, -157.84, 105.83
2023-12-25 23:39:16.120,171230,0.47, -0.07, 0.37, -125.92, -168.33, 117.55
2023-12-25 23:39:16.128,171667,0.58, -0.23, 0.30, -136.90, -176.82, 131.59
2023-12-25 23:39:16.138,172008,0.71, -0.43, 0.20, -144.35, -183.72, 145.20
2023-12-25 23:39:16.149,172858,0.85, -0.64, 0.09, -146.18, -186.89, 157.29
2023-12-25 23:39:16.159,172919,1.01, -0.87, -0.05, -139.53, -181.64, 171.33
2023-12-25 23:39:16.168,173136,1.20, -1.14, -0.18, -127.08, -173.65, 180.30
2023-12-25 23:39:16.178,173344,1.36, -1.37, -0.32, -105.71, -161.68, 170.96
2023-12-25 23:39:16.192,173677,1.45, -1.68, -0.42, -84.78, -148.62, 146.42
2023-12-25 23:39:16.198,173722,1.65, -1.85, -0.58, -67.02, -136.17, 117.43
2023-12-25 23:39:16.207,173913,1.74, -1.95, -0.65, -53.83, -109.74, 80.51
2023-12-25 23:39:16.215,174511,1.81, -1.99, -0.67, -44.19, -74.71, 44.62
2023-12-25 23:39:16.227,175035,1.80, -1.92, -0.62, -31.49, -28.44, 7.63
2023-12-25 23:39:16.237,175110,1.72, -1.78, -0.52, -11.96, 24.17, -27.71
2023-12-25 23:39:16.245,175269,1.61, -1.63, -0.41, 7.45, 66.41, -50.54
2023-12-25 23:39:16.256,175567,1.50, -1.50, -0.31, 23.07, 95.83, -65.31
2023-12-25 23:39:16.264,175759,1.41, -1.39, -0.23, 33.45, 113.22, -76.29
2023-12-25 23:39:16.276,176254,1.32, -1.29, -0.16, 37.72, 119.14, -84.78
2023-12-25 23:39:16.285,176355,1.21, -1.18, -0.09, 42.48, 123.54, -91.19
2023-12-25 23:39:16.293,176403,1.12, -1.08, -0.03, 49.80, 129.64, -94.67
2023-12-25 23:39:16.304,176806,1.02, -1.00, -0.02, 58.35, 139.10, -96.62
2023-12-25 23:39:16.313,177186,0.98, -0.96, 0.01, 63.35, 145.45, -98.08
2023-12-25 23:39:16.321,177419,0.87, -0.88, 0.04, 74.95, 160.22, -101.62
2023-12-25 23:39:16.330,178231,0.79, -0.80, 0.08, 83.50, 168.27, -97.72
2023-12-25 23:39:16.341,178907,0.68, -0.69, 0.15, 94.18, 179.08, -94.67
2023-12-25 23:39:16.350,179383,0.59, -0.59, 0.22, 104.49, 185.06, -88.26
2023-12-25 23:39:16.361,180207,0.47, -0.49, 0.29, 113.59, 190.86, -88.07
2023-12-25 23:39:16.371,180667,0.35, -0.37, 0.35, 120.91, 194.58, -93.02
2023-12-25 23:39:16.384,180992,0.23, -0.24, 0.42, 124.63, 198.18, -99.06
2023-12-25 23:39:16.396,181037,0.14, -0.13, 0.47, 122.50, 195.19, -101.93
2023-12-25 23:39:16.402,181038,0.05, -0.04, 0.52, 114.07, 186.10, -102.54
2023-12-25 23:39:16.411,181180,-0.01, 0.05, 0.57, 101.93, 173.28, -102.60
2023-12-25 23:39:16.420,181333,-0.07, 0.13, 0.63, 88.68, 158.51, -99.73
2023-12-25 23:39:16.428,181499,-0.14, 0.21, 0.70, 76.90, 136.84, -89.23
2023-12-25 23:39:16.439,181985,-0.19, 0.26, 0.74, 62.93, 105.47, -68.97
2023-12-25 23:39:16.448,182376,-0.19, 0.31, 0.79, 48.65, 76.17, -49.74
2023-12-25 23:39:16.456,183144,-0.20, 0.33, 0.81, 41.20, 62.81, -40.83
2023-12-25 23:39:16.468,184007,-0.20, 0.35, 0.83, 27.95, 37.72, -24.23
2023-12-25 23:39:16.478,184210,-0.19, 0.36, 0.84, 15.44, 13.98, -7.57
2023-12-25 23:39:16.487,184390,-0.15, 0.37, 0.85, 4.58, -6.96, 8.54
2023-12-25 23:39:16.497,184573,-0.12, 0.37, 0.85, -4.21, -24.23, 23.68
2023-12-25 23:39:16.506,184776,-0.08, 0.36, 0.84, -12.70, -40.22, 39.12
2023-12-25 23:39:16.517,185494,-0.04, 0.33, 0.82, -22.22, -56.15, 53.28
2023-12-25 23:39:16.527,185863,0.00, 0.31, 0.80, -31.56, -70.01, 66.83
2023-12-25 23:39:16.540,185939,0.04, 0.28, 0.78, -40.16, -82.46, 81.30
2023-12-25 23:39:16.546,185963,0.07, 0.24, 0.76, -47.91, -92.96, 95.46
2023-12-25 23:39:16.556,186124,0.11, 0.18, 0.72, -55.54, -102.48, 106.93
2023-12-25 23:39:16.563,186243,0.17, 0.08, 0.66, -65.31, -115.17, 117.92
2023-12-25 23:39:16.574,186820,0.21, 0.03, 0.64, -71.17, -122.44, 122.56
2023-12-25 23:39:16.584,186950,0.30, -0.07, 0.59, -84.47, -138.43, 130.37
2023-12-25 23:39:16.593,187014,0.41, -0.22, 0.52, -101.50, -158.81, 137.82
2023-12-25 23:39:16.604,187402,0.53, -0.38, 0.43, -119.93, -178.47, 139.95
2023-12-25 23:39:16.612,187661,0.68, -0.59, 0.31, -138.61, -198.18, 136.17
2023-12-25 23:39:16.624,188433,0.84, -0.79, 0.19, -153.63, -211.12, 126.46
2023-12-25 23:39:16.632,188974,1.01, -0.95, 0.07, -159.61, -213.99, 117.13
2023-12-25 23:39:16.641,189377,1.19, -1.12, -0.07, -146.91, -200.44, 110.90
2023-12-25 23:39:16.653,189923,1.36, -1.29, -0.23, -113.53, -170.78, 102.66
2023-12-25 23:39:16.662,190119,1.52, -1.45, -0.37, -67.99, -127.38, 90.09
2023-12-25 23:39:16.672,190655,1.67, -1.63, -0.48, -30.27, -93.14, 82.89
2023-12-25 23:39:16.681,190980,1.76, -1.77, -0.53, -5.19, -66.16, 70.50
2023-12-25 23:39:16.690,191241,1.85, -1.85, -0.56, 4.46, -46.75, 51.88
2023-12-25 23:39:16.699,192050,1.89, -1.85, -0.54, 5.43, -23.13, 21.42
2023-12-25 23:39:16.710,192608,1.87, -1.76, -0.47, 6.10, 16.11, -18.98
2023-12-25 23:39:16.720,193034,1.75, -1.62, -0.38, 13.67, 67.26, -59.45
2023-12-25 23:39:16.730,193643,1.61, -1.45, -0.27, 26.98, 111.69, -90.76
2023-12-25 23:39:16.740,194173,1.49, -1.31, -0.17, 38.27, 141.17, -107.97
2023-12-25 23:39:16.748,194384,1.37, -1.22, -0.10, 46.45, 156.13, -116.15
2023-12-25 23:39:16.759,195012,1.25, -1.10, -0.02, 53.83, 160.22, -119.38
2023-12-25 23:39:16.770,195097,1.20, -1.04, 0.01, 57.74, 161.13, -118.90
2023-12-25 23:39:16.778,195225,1.11, -0.94, 0.09, 65.92, 166.87, -116.46
2023-12-25 23:39:16.789,195514,0.96, -0.82, 0.16, 76.54, 178.41, -120.42
2023-12-25 23:39:16.796,195664,0.79, -0.70, 0.22, 86.73, 192.44, -124.76
2023-12-25 23:39:16.808,196430,0.63, -0.58, 0.29, 95.03, 206.85, -124.69
2023-12-25 23:39:16.817,196946,0.44, -0.45, 0.36, 101.81, 221.07, -124.45
2023-12-25 23:39:16.825,197212,0.29, -0.33, 0.44, 106.08, 225.16, -120.18
2023-12-25 23:39:16.833,198016,0.15, -0.21, 0.52, 107.60, 223.33, -117.07
2023-12-25 23:39:16.845,198765,0.02, -0.12, 0.58, 101.38, 211.55, -113.77
2023-12-25 23:39:16.854,199043,-0.12, -0.00, 0.64, 92.90, 190.37, -115.05
2023-12-25 23:39:16.866,199876,-0.23, 0.08, 0.70, 81.60, 161.56, -106.02
2023-12-25 23:39:16.874,200123,-0.30, 0.16, 0.74, 70.07, 130.43, -93.63
2023-12-25 23:39:16.883,200857,-0.36, 0.22, 0.77, 57.74, 94.97, -79.90
2023-12-25 23:39:16.894,201437,-0.39, 0.28, 0.79, 45.29, 61.22, -65.43
2023-12-25 23:39:16.903,201934,-0.40, 0.33, 0.82, 32.17, 34.36, -48.95
2023-12-25 23:39:16.912,202707,-0.40, 0.36, 0.83, 19.65, 14.22, -26.86
